date,y
2016-01-01,450
2016-01-02,148
2016-01-03,99
2016-01-04,344
2016-01-05,271
2016-01-06,276
2016-01-07,209
2016-01-08,324
2016-01-09,211
2016-01-10,140
2016-01-11,256
2016-01-12,285
2016-01-13,358
2016-01-14,268
2016-01-15,336
2016-01-16,228
2016-01-17,218
2016-01-18,274
2016-01-19,240
2016-01-20,292
2016-01-21,298
2016-01-22,325
2016-01-23,316
2016-01-24,158
2016-01-25,273
2016-01-26,291
2016-01-27,257
2016-01-28,226
2016-01-29,284
2016-01-30,191
2016-01-31,146
2016-02-01,247
2016-02-02,208
2016-02-03,209
2016-02-04,262
2016-02-05,280
2016-02-06,189
2016-02-07,141
2016-02-08,247
2016-02-09,249
2016-02-10,247
2016-02-11,218
2016-02-12,268
2016-02-13,183
2016-02-14,139
2016-02-15,226
2016-02-16,238
2016-02-17,393
2016-02-18,256
2016-02-19,265
2016-02-20,176
2016-02-21,170
2016-02-22,250
2016-02-23,270
2016-02-24,268
2016-02-25,237
2016-02-26,245
2016-02-27,172
2016-02-28,144
2016-02-29,301
2016-03-01,313
2016-03-02,225
2016-03-03,240
2016-03-04,276
2016-03-05,178
2016-03-06,132
2016-03-07,264
2016-03-08,274
2016-03-09,283
2016-03-10,254
2016-03-11,242
2016-03-12,161
2016-03-13,135
2016-03-14,291
2016-03-15,260
2016-03-16,252
2016-03-17,318
2016-03-18,300
2016-03-19,164
2016-03-20,146
2016-03-21,266
2016-03-22,251
2016-03-23,260
2016-03-24,301
2016-03-25,193
2016-03-26,160
2016-03-27,188
2016-03-28,171
2016-03-29,300
2016-03-30,282
2016-03-31,282
2016-04-01,307
2016-04-02,186
2016-04-03,180
2016-04-04,275
2016-04-05,278
2016-04-06,306
2016-04-07,269
2016-04-08,279
2016-04-09,169
2016-04-10,146
2016-04-11,241
2016-04-12,247
2016-04-13,321
2016-04-14,269
2016-04-15,333
2016-04-16,216
2016-04-17,211
2016-04-18,303
2016-04-19,277
2016-04-20,319
2016-04-21,326
2016-04-22,338
2016-04-23,249
2016-04-24,168
2016-04-25,315
2016-04-26,325
2016-04-27,260
2016-04-28,277
2016-04-29,358
2016-04-30,226
2016-05-01,211
2016-05-02,304
2016-05-03,274
2016-05-04,314
2016-05-05,291
2016-05-06,348
2016-05-07,261
2016-05-08,241
2016-05-09,321
2016-05-10,312
2016-05-11,305
2016-05-12,301
2016-05-13,309
2016-05-14,249
2016-05-15,179
2016-05-16,312
2016-05-17,268
2016-05-18,281
2016-05-19,251
2016-05-20,353
2016-05-21,246
2016-05-22,221
2016-05-23,346
2016-05-24,310
2016-05-25,270
2016-05-26,290
2016-05-27,334
2016-05-28,248
2016-05-29,192
2016-05-30,308
2016-05-31,338
2016-06-01,325
2016-06-02,313
2016-06-03,299
2016-06-04,219
2016-06-05,184
2016-06-06,295
2016-06-07,315
2016-06-08,308
2016-06-09,294
2016-06-10,324
2016-06-11,166
2016-06-12,192
2016-06-13,319
2016-06-14,298
2016-06-15,329
2016-06-16,294
2016-06-17,342
2016-06-18,276
2016-06-19,198
2016-06-20,348
2016-06-21,273
2016-06-22,291
2016-06-23,326
2016-06-24,341
2016-06-25,277
2016-06-26,212
2016-06-27,334
2016-06-28,315
2016-06-29,319
2016-06-30,318
2016-07-01,336
2016-07-02,265
2016-07-03,187
2016-07-04,277
2016-07-05,176
2016-07-06,160
2016-07-07,276
2016-07-08,245
2016-07-09,202
2016-07-10,207
2016-07-11,296
2016-07-12,295
2016-07-13,297
2016-07-14,358
2016-07-15,269
2016-07-16,213
2016-07-17,234
2016-07-18,275
2016-07-19,301
2016-07-20,281
2016-07-21,286
2016-07-22,326
2016-07-23,258
2016-07-24,220
2016-07-25,301
2016-07-26,281
2016-07-27,292
2016-07-28,270
2016-07-29,308
2016-07-30,225
2016-07-31,256
2016-08-01,299
2016-08-02,278
2016-08-03,279
2016-08-04,284
2016-08-05,346
2016-08-06,215
2016-08-07,242
2016-08-08,330
2016-08-09,277
2016-08-10,288
2016-08-11,257
2016-08-12,253
2016-08-13,211
2016-08-14,218
2016-08-15,325
2016-08-16,234
2016-08-17,296
2016-08-18,256
2016-08-19,323
2016-08-20,248
2016-08-21,239
2016-08-22,299
2016-08-23,248
2016-08-24,268
2016-08-25,325
2016-08-26,319
2016-08-27,258
2016-08-28,226
2016-08-29,312
2016-08-30,296
2016-08-31,346
2016-09-01,306
2016-09-02,292
2016-09-03,218
2016-09-04,205
2016-09-05,315
2016-09-06,291
2016-09-07,312
2016-09-08,318
2016-09-09,346
2016-09-10,238
2016-09-11,202
2016-09-12,366
2016-09-13,290
2016-09-14,323
2016-09-15,368
2016-09-16,321
2016-09-17,288
2016-09-18,255
2016-09-19,333
2016-09-20,252
2016-09-21,287
2016-09-22,332
2016-09-23,324
2016-09-24,222
2016-09-25,199
2016-09-26,310
2016-09-27,345
2016-09-28,179
2016-09-29,334
2016-09-30,315
2016-10-01,255
2016-10-02,275
2016-10-03,381
2016-10-04,352
2016-10-05,331
2016-10-06,377
2016-10-07,354
2016-10-08,234
2016-10-09,227
2016-10-10,320
2016-10-11,279
2016-10-12,298
2016-10-13,322
2016-10-14,321
2016-10-15,250
2016-10-16,219
2016-10-17,326
2016-10-18,314
2016-10-19,344
2016-10-20,357
2016-10-21,380
2016-10-22,247
2016-10-23,193
2016-10-24,345
2016-10-25,372
2016-10-26,297
2016-10-27,334
2016-10-28,185
2016-10-29,254
2016-10-30,204
2016-10-31,339
2016-11-01,318
2016-11-02,281
2016-11-03,320
2016-11-04,300
2016-11-05,224
2016-11-06,214
2016-11-07,295
2016-11-08,318
2016-11-09,258
2016-11-10,341
2016-11-11,331
2016-11-12,217
2016-11-13,173
2016-11-14,334
2016-11-15,313
2016-11-16,384
2016-11-17,224
2016-11-18,275
2016-11-19,224
2016-11-20,206
2016-11-21,352
2016-11-22,262
2016-11-23,284
2016-11-24,288
2016-11-25,325
2016-11-26,229
2016-11-27,180
2016-11-28,336
2016-11-29,294
2016-11-30,345
2016-12-01,340
2016-12-02,358
2016-12-03,265
2016-12-04,203
2016-12-05,310
2016-12-06,284
2016-12-07,290
2016-12-08,354
2016-12-09,358
2016-12-10,280
2016-12-11,186
2016-12-12,335
2016-12-13,244
2016-12-14,310
2016-12-15,300
2016-12-16,337
2016-12-17,197
2016-12-18,258
2016-12-19,313
2016-12-20,267
2016-12-21,329
2016-12-22,303
2016-12-23,392
2016-12-24,154
2016-12-25,131
2016-12-26,133
2016-12-27,163
2016-12-28,220
2016-12-29,244
2016-12-30,210
2016-12-31,152
2017-01-01,466
2017-01-02,296
2017-01-03,248
2017-01-04,401
2017-01-05,361
2017-01-06,310
2017-01-07,205
2017-01-08,178
2017-01-09,261
2017-01-10,267
2017-01-11,324
2017-01-12,313
2017-01-13,389
2017-01-14,230
2017-01-15,158
2017-01-16,310
2017-01-17,244
2017-01-18,298
2017-01-19,295
2017-01-20,300
2017-01-21,199
2017-01-22,185
2017-01-23,273
2017-01-24,261
2017-01-25,220
2017-01-26,251
2017-01-27,311
2017-01-28,201
2017-01-29,147
2017-01-30,315
2017-01-31,409
2017-02-01,351
2017-02-02,375
2017-02-03,326
2017-02-04,178
2017-02-05,162
2017-02-06,236
2017-02-07,202
2017-02-08,225
2017-02-09,238
2017-02-10,280
2017-02-11,168
2017-02-12,147
2017-02-13,283
2017-02-14,267
2017-02-15,315
2017-02-16,306
2017-02-17,370
2017-02-18,169
2017-02-19,155
2017-02-20,288
2017-02-21,227
2017-02-22,283
2017-02-23,245
2017-02-24,305
2017-02-25,199
2017-02-26,148
2017-02-27,302
2017-02-28,219
2017-03-01,231
2017-03-02,255
2017-03-03,301
2017-03-04,194
2017-03-05,150
2017-03-06,228
2017-03-07,238
2017-03-08,246
2017-03-09,269
2017-03-10,277
2017-03-11,200
2017-03-12,133
2017-03-13,236
2017-03-14,252
2017-03-15,219
2017-03-16,287
2017-03-17,308
2017-03-18,227
2017-03-19,174
2017-03-20,276
2017-03-21,247
2017-03-22,284
2017-03-23,250
2017-03-24,274
2017-03-25,196
2017-03-26,185
2017-03-27,298
2017-03-28,318
2017-03-29,310
2017-03-30,275
2017-03-31,378
2017-04-01,265
2017-04-02,183
2017-04-03,280
2017-04-04,282
2017-04-05,271
2017-04-06,261
2017-04-07,359
2017-04-08,196
2017-04-09,174
2017-04-10,368
2017-04-11,301
2017-04-12,338
2017-04-13,342
2017-04-14,198
2017-04-15,211
2017-04-16,180
2017-04-17,201
2017-04-18,294
2017-04-19,279
2017-04-20,284
2017-04-21,299
2017-04-22,197
2017-04-23,174
2017-04-24,354
2017-04-25,262
2017-04-26,293
2017-04-27,291
2017-04-28,332
2017-04-29,243
2017-04-30,222
2017-05-01,211
2017-05-02,332
2017-05-03,305
2017-05-04,286
2017-05-05,319
2017-05-06,237
2017-05-07,207
2017-05-08,173
2017-05-09,299
2017-05-10,372
2017-05-11,371
2017-05-12,354
2017-05-13,250
2017-05-14,226
2017-05-15,354
2017-05-16,300
2017-05-17,343
2017-05-18,357
2017-05-19,396
2017-05-20,223
2017-05-21,217
2017-05-22,318
2017-05-23,306
2017-05-24,287
2017-05-25,323
2017-05-26,355
2017-05-27,255
2017-05-28,246
2017-05-29,324
2017-05-30,328
2017-05-31,354
2017-06-01,342
2017-06-02,376
2017-06-03,271
2017-06-04,252
2017-06-05,331
2017-06-06,321
2017-06-07,305
2017-06-08,329
2017-06-09,348
2017-06-10,235
2017-06-11,229
2017-06-12,337
2017-06-13,337
2017-06-14,310
2017-06-15,339
2017-06-16,377
2017-06-17,220
2017-06-18,220
2017-06-19,370
2017-06-20,315
2017-06-21,295
2017-06-22,329
2017-06-23,387
2017-06-24,275
2017-06-25,224
2017-06-26,298
2017-06-27,334
2017-06-28,354
2017-06-29,418
2017-06-30,348
2017-07-01,248
2017-07-02,185
2017-07-03,291
2017-07-04,276
2017-07-05,196
2017-07-06,166
2017-07-07,284
2017-07-08,173
2017-07-09,197
2017-07-10,288
2017-07-11,328
2017-07-12,305
2017-07-13,301
2017-07-14,317
2017-07-15,247
2017-07-16,209
2017-07-17,286
2017-07-18,285
2017-07-19,325
2017-07-20,291
2017-07-21,331
2017-07-22,230
2017-07-23,220
2017-07-24,297
2017-07-25,293
2017-07-26,303
2017-07-27,303
2017-07-28,333
2017-07-29,240
2017-07-30,213
2017-07-31,319
2017-08-01,335
2017-08-02,324
2017-08-03,293
2017-08-04,303
2017-08-05,249
2017-08-06,244
2017-08-07,360
2017-08-08,318
2017-08-09,307
2017-08-10,299
2017-08-11,431
2017-08-12,220
2017-08-13,233
2017-08-14,327
2017-08-15,321
2017-08-16,343
2017-08-17,286
2017-08-18,347
2017-08-19,202
2017-08-20,184
2017-08-21,293
2017-08-22,267
2017-08-23,296
2017-08-24,261
2017-08-25,282
2017-08-26,244
2017-08-27,203
2017-08-28,286
2017-08-29,315
2017-08-30,314
2017-08-31,341
2017-09-01,447
2017-09-02,191
2017-09-03,239
2017-09-04,307
2017-09-05,289
2017-09-06,290
2017-09-07,295
2017-09-08,327
2017-09-09,232
2017-09-10,227
2017-09-11,286
2017-09-12,291
2017-09-13,303
2017-09-14,357
2017-09-15,364
2017-09-16,280
2017-09-17,209
2017-09-18,370
2017-09-19,309
2017-09-20,330
2017-09-21,314
2017-09-22,343
2017-09-23,264
2017-09-24,245
2017-09-25,324
2017-09-26,332
2017-09-27,360
2017-09-28,222
2017-09-29,340
2017-09-30,243
2017-10-01,230
2017-10-02,367
2017-10-03,421
2017-10-04,343
2017-10-05,382
2017-10-06,357
2017-10-07,259
2017-10-08,251
2017-10-09,364
2017-10-10,350
2017-10-11,339
2017-10-12,312
2017-10-13,361
2017-10-14,286
2017-10-15,290
2017-10-16,392
2017-10-17,306
2017-10-18,332
2017-10-19,299
2017-10-20,358
2017-10-21,260
2017-10-22,234
2017-10-23,293
2017-10-24,316
2017-10-25,321
2017-10-26,327
2017-10-27,412
2017-10-28,236
2017-10-29,270
2017-10-30,354
2017-10-31,319
2017-11-01,334
2017-11-02,327
2017-11-03,319
2017-11-04,234
2017-11-05,192
2017-11-06,337
2017-11-07,265
2017-11-08,304
2017-11-09,295
2017-11-10,354
2017-11-11,255
2017-11-12,245
2017-11-13,360
2017-11-14,352
2017-11-15,340
2017-11-16,361
2017-11-17,205
2017-11-18,213
2017-11-19,195
2017-11-20,385
2017-11-21,338
2017-11-22,333
2017-11-23,381
2017-11-24,358
2017-11-25,230
2017-11-26,182
2017-11-27,305
2017-11-28,290
2017-11-29,315
2017-11-30,381
2017-12-01,385
2017-12-02,214
2017-12-03,182
2017-12-04,399
2017-12-05,310
2017-12-06,294
2017-12-07,350
2017-12-08,369
2017-12-09,273
2017-12-10,300
2017-12-11,315
2017-12-12,310
2017-12-13,329
2017-12-14,371
2017-12-15,415
2017-12-16,281
2017-12-17,303
2017-12-18,377
2017-12-19,333
2017-12-20,333
2017-12-21,391
2017-12-22,328
2017-12-23,200
2017-12-24,127
2017-12-25,135
2017-12-26,181
2017-12-27,235
2017-12-28,211
2017-12-29,206
2017-12-30,189
2017-12-31,116
2018-01-01,518
2018-01-02,222
2018-01-03,321
2018-01-04,267
2018-01-05,278
2018-01-06,173
2018-01-07,128
2018-01-08,266
2018-01-09,241
2018-01-10,277
2018-01-11,256
2018-01-12,299
2018-01-13,168
2018-01-14,153
2018-01-15,236
2018-01-16,548
2018-01-17,370
2018-01-18,324
2018-01-19,302
2018-01-20,192
2018-01-21,251
2018-01-22,289
2018-01-23,226
2018-01-24,315
2018-01-25,285
2018-01-26,278
2018-01-27,232
2018-01-28,154
2018-01-29,282
2018-01-30,256
2018-01-31,259
2018-02-01,272
2018-02-02,279
2018-02-03,184
2018-02-04,157
2018-02-05,253
2018-02-06,219
2018-02-07,368
2018-02-08,280
2018-02-09,275
2018-02-10,161
2018-02-11,157
2018-02-12,304
2018-02-13,256
2018-02-14,333
2018-02-15,276
2018-02-16,446
2018-02-17,238
2018-02-18,143
2018-02-19,277
2018-02-20,223
2018-02-21,262
2018-02-22,245
2018-02-23,261
2018-02-24,191
2018-02-25,146
2018-02-26,260
2018-02-27,237
2018-02-28,250
2018-03-01,293
2018-03-02,249
2018-03-03,175
2018-03-04,163
2018-03-05,254
2018-03-06,429
2018-03-07,297
2018-03-08,246
2018-03-09,286
2018-03-10,211
2018-03-11,177
2018-03-12,301
2018-03-13,237
2018-03-14,255
2018-03-15,262
2018-03-16,333
2018-03-17,285
2018-03-18,184
2018-03-19,259
2018-03-20,256
2018-03-21,320
2018-03-22,242
2018-03-23,307
2018-03-24,208
2018-03-25,173
2018-03-26,264
2018-03-27,294
2018-03-28,335
2018-03-29,345
2018-03-30,210
2018-03-31,158
2018-04-01,134
2018-04-02,172
2018-04-03,278
2018-04-04,284
2018-04-05,280
2018-04-06,300
2018-04-07,244
2018-04-08,201
2018-04-09,335
2018-04-10,271
2018-04-11,325
2018-04-12,295
2018-04-13,353
2018-04-14,229
2018-04-15,216
2018-04-16,327
2018-04-17,329
2018-04-18,302
2018-04-19,334
2018-04-20,368
2018-04-21,244
2018-04-22,245
2018-04-23,339
2018-04-24,314
2018-04-25,327
2018-04-26,313
2018-04-27,393
2018-04-28,269
2018-04-29,213
2018-04-30,347
2018-05-01,216
2018-05-02,317
2018-05-03,302
2018-05-04,321
2018-05-05,264
2018-05-06,209
2018-05-07,335
2018-05-08,211
2018-05-09,331
2018-05-10,343
2018-05-11,325
2018-05-12,278
2018-05-13,235
2018-05-14,342
2018-05-15,291
2018-05-16,360
2018-05-17,351
2018-05-18,332
2018-05-19,250
2018-05-20,244
2018-05-21,350
2018-05-22,315
2018-05-23,342
2018-05-24,346
2018-05-25,334
2018-05-26,264
2018-05-27,219
2018-05-28,338
2018-05-29,355
2018-05-30,331
2018-05-31,393
2018-06-01,357
2018-06-02,218
2018-06-03,205
2018-06-04,331
2018-06-05,292
2018-06-06,298
2018-06-07,298
2018-06-08,336
2018-06-09,277
2018-06-10,234
2018-06-11,331
2018-06-12,323
2018-06-13,310
2018-06-14,267
2018-06-15,363
2018-06-16,268
2018-06-17,221
2018-06-18,336
2018-06-19,293
2018-06-20,314
2018-06-21,361
2018-06-22,350
2018-06-23,232
2018-06-24,212
2018-06-25,300
2018-06-26,283
2018-06-27,301
2018-06-28,351
2018-06-29,362
2018-06-30,252
2018-07-01,225
2018-07-02,279
2018-07-03,300
2018-07-04,329
2018-07-05,234
2018-07-06,204
2018-07-07,190
2018-07-08,239
2018-07-09,317
2018-07-10,244
2018-07-11,263
2018-07-12,282
2018-07-13,294
2018-07-14,256
2018-07-15,237
2018-07-16,361
2018-07-17,306
2018-07-18,323
2018-07-19,315
2018-07-20,343
2018-07-21,251
2018-07-22,222
2018-07-23,333
2018-07-24,300
2018-07-25,341
2018-07-26,295
2018-07-27,345
2018-07-28,309
2018-07-29,247
2018-07-30,333
2018-07-31,327
2018-08-01,340
2018-08-02,340
2018-08-03,360
2018-08-04,264
2018-08-05,253
2018-08-06,334
2018-08-07,325
2018-08-08,334
2018-08-09,327
2018-08-10,349
2018-08-11,218
2018-08-12,237
2018-08-13,318
2018-08-14,267
2018-08-15,289
2018-08-16,272
2018-08-17,299
2018-08-18,282
2018-08-19,243
2018-08-20,296
2018-08-21,296
2018-08-22,309
2018-08-23,325
2018-08-24,353
2018-08-25,210
2018-08-26,208
2018-08-27,305
2018-08-28,265
2018-08-29,309
2018-08-30,333
2018-08-31,310
2018-09-01,352
2018-09-02,268
2018-09-03,374
2018-09-04,303
2018-09-05,296
2018-09-06,284
2018-09-07,376
2018-09-08,242
2018-09-09,214
2018-09-10,343
2018-09-11,270
2018-09-12,378
2018-09-13,313
2018-09-14,382
2018-09-15,252
2018-09-16,251
2018-09-17,320
2018-09-18,341
2018-09-19,318
2018-09-20,332
2018-09-21,380
2018-09-22,257
2018-09-23,271
2018-09-24,366
2018-09-25,301
2018-09-26,355
2018-09-27,381
2018-09-28,234
2018-09-29,269
2018-09-30,214
2018-10-01,319
2018-10-02,290
2018-10-03,360
2018-10-04,334
2018-10-05,385
2018-10-06,259
2018-10-07,228
2018-10-08,326
2018-10-09,323
2018-10-10,384
2018-10-11,344
2018-10-12,384
2018-10-13,292
2018-10-14,240
2018-10-15,324
2018-10-16,371
2018-10-17,301
2018-10-18,314
2018-10-19,332
2018-10-20,246
2018-10-21,211
2018-10-22,361
2018-10-23,313
2018-10-24,415
2018-10-25,354
2018-10-26,354
2018-10-27,279
2018-10-28,290
2018-10-29,394
2018-10-30,387
2018-10-31,352
2018-11-01,326
2018-11-02,353
2018-11-03,272
2018-11-04,216
2018-11-05,311
2018-11-06,320
2018-11-07,276
2018-11-08,271
2018-11-09,361
2018-11-10,226
2018-11-11,229
2018-11-12,315
2018-11-13,285
2018-11-14,375
2018-11-15,347
2018-11-16,373
2018-11-17,243
2018-11-18,177
2018-11-19,369
2018-11-20,333
2018-11-21,313
2018-11-22,257
2018-11-23,326
2018-11-24,247
2018-11-25,221
2018-11-26,335
2018-11-27,272
2018-11-28,327
2018-11-29,329
2018-11-30,383
2018-12-01,334
2018-12-02,231
2018-12-03,317
2018-12-04,309
2018-12-05,384
2018-12-06,284
2018-12-07,327
2018-12-08,229
2018-12-09,193
2018-12-10,315
2018-12-11,349
2018-12-12,392
2018-12-13,319
2018-12-14,357
2018-12-15,266
2018-12-16,219
2018-12-17,330
2018-12-18,326
2018-12-19,356
2018-12-20,406
2018-12-21,339
2018-12-22,236
2018-12-23,236
2018-12-24,130
2018-12-25,132
2018-12-26,145
2018-12-27,174
2018-12-28,185
2018-12-29,150
2018-12-30,125
2018-12-31,136
2019-01-01,451
2019-01-02,340
2019-01-03,372
2019-01-04,303
2019-01-05,171
2019-01-06,146
2019-01-07,259
2019-01-08,332
2019-01-09,342
2019-01-10,303
2019-01-11,391
2019-01-12,189
2019-01-13,188
2019-01-14,391
2019-01-15,283
2019-01-16,236
2019-01-17,273
2019-01-18,374
2019-01-19,192
2019-01-20,176
2019-01-21,252
2019-01-22,226
2019-01-23,273
2019-01-24,272
2019-01-25,280
2019-01-26,352
2019-01-27,168
2019-01-28,338
2019-01-29,237
2019-01-30,281
2019-01-31,254
2019-02-01,276
2019-02-02,194
2019-02-03,280
2019-02-04,336
2019-02-05,280
2019-02-06,267
2019-02-07,294
2019-02-08,315
2019-02-09,222
2019-02-10,154
2019-02-11,251
2019-02-12,247
2019-02-13,259
2019-02-14,291
2019-02-15,343
2019-02-16,227
2019-02-17,199
2019-02-18,325
2019-02-19,301
2019-02-20,252
2019-02-21,231
2019-02-22,271
2019-02-23,196
2019-02-24,158
2019-02-25,266
2019-02-26,252
2019-02-27,285
2019-02-28,286
2019-03-01,286
2019-03-02,177
2019-03-03,137
2019-03-04,274
2019-03-05,257
2019-03-06,306
2019-03-07,259
2019-03-08,318
2019-03-09,190
2019-03-10,247
2019-03-11,320
2019-03-12,248
2019-03-13,258
2019-03-14,282
2019-03-15,319
2019-03-16,241
2019-03-17,242
2019-03-18,269
2019-03-19,264
2019-03-20,275
2019-03-21,354
2019-03-22,332
2019-03-23,251
2019-03-24,146
2019-03-25,284
2019-03-26,248
2019-03-27,302
2019-03-28,275
2019-03-29,293
2019-03-30,227
2019-03-31,197
2019-04-01,357
2019-04-02,316
2019-04-03,291
2019-04-04,334
2019-04-05,322
2019-04-06,224
2019-04-07,196
2019-04-08,303
2019-04-09,358
2019-04-10,312
2019-04-11,282
2019-04-12,318
2019-04-13,207
2019-04-14,208
2019-04-15,395
2019-04-16,360
2019-04-17,372
2019-04-18,403
2019-04-19,265
2019-04-20,269
2019-04-21,241
2019-04-22,247
2019-04-23,362
2019-04-24,336
2019-04-25,368
2019-04-26,395
2019-04-27,232
2019-04-28,216
2019-04-29,388
2019-04-30,393
2019-05-01,209
2019-05-02,342
2019-05-03,316
2019-05-04,260
2019-05-05,176
2019-05-06,311
2019-05-07,316
2019-05-08,181
2019-05-09,316
2019-05-10,339
2019-05-11,262
2019-05-12,205
2019-05-13,370
2019-05-14,345
2019-05-15,336
2019-05-16,335
2019-05-17,356
2019-05-18,315
2019-05-19,227
2019-05-20,412
2019-05-21,330
2019-05-22,332
2019-05-23,332
2019-05-24,370
2019-05-25,241
2019-05-26,228
2019-05-27,294
2019-05-28,298
2019-05-29,273
2019-05-30,348
2019-05-31,351
2019-06-01,297
2019-06-02,251
2019-06-03,314
2019-06-04,339
2019-06-05,342
2019-06-06,322
2019-06-07,382
2019-06-08,241
2019-06-09,266
2019-06-10,374
2019-06-11,341
2019-06-12,359
2019-06-13,324
2019-06-14,441
2019-06-15,303
2019-06-16,271
2019-06-17,326
2019-06-18,335
2019-06-19,352
2019-06-20,358
2019-06-21,346
2019-06-22,263
2019-06-23,215
2019-06-24,345
2019-06-25,312
2019-06-26,361
2019-06-27,362
2019-06-28,351
2019-06-29,259
2019-06-30,278
2019-07-01,350
2019-07-02,315
2019-07-03,282
2019-07-04,344
2019-07-05,221
2019-07-06,220
2019-07-07,206
2019-07-08,294
2019-07-09,257
2019-07-10,278
2019-07-11,291
2019-07-12,370
2019-07-13,292
2019-07-14,198
2019-07-15,310
2019-07-16,307
2019-07-17,306
2019-07-18,293
2019-07-19,316
2019-07-20,261
2019-07-21,246
2019-07-22,301
2019-07-23,320
2019-07-24,325
2019-07-25,333
2019-07-26,336
2019-07-27,250
2019-07-28,216
2019-07-29,295
2019-07-30,298
2019-07-31,363
2019-08-01,369
2019-08-02,282
2019-08-03,249
2019-08-04,256
2019-08-05,314
2019-08-06,293
2019-08-07,304
2019-08-08,330
2019-08-09,324
2019-08-10,329
2019-08-11,254
2019-08-12,328
2019-08-13,315
2019-08-14,286
2019-08-15,290
2019-08-16,313
2019-08-17,225
2019-08-18,244
2019-08-19,322
2019-08-20,297
2019-08-21,285
2019-08-22,283
2019-08-23,322
2019-08-24,237
2019-08-25,206
2019-08-26,310
2019-08-27,293
2019-08-28,287
2019-08-29,323
2019-08-30,306
2019-08-31,255
2019-09-01,233
2019-09-02,364
2019-09-03,311
2019-09-04,345
2019-09-05,321
2019-09-06,361
2019-09-07,259
2019-09-08,232
2019-09-09,423
2019-09-10,328
2019-09-11,331
2019-09-12,317
2019-09-13,373
2019-09-14,229
2019-09-15,258
2019-09-16,329
2019-09-17,354
2019-09-18,330
2019-09-19,303
2019-09-20,347
2019-09-21,273
2019-09-22,273
2019-09-23,340
2019-09-24,306
2019-09-25,380
2019-09-26,310
2019-09-27,386
2019-09-28,257
2019-09-29,255
2019-09-30,366
2019-10-01,355
2019-10-02,361
2019-10-03,314
2019-10-04,311
2019-10-05,297
2019-10-06,210
2019-10-07,362
2019-10-08,350
2019-10-09,362
2019-10-10,389
2019-10-11,374
2019-10-12,341
2019-10-13,264
2019-10-14,368
2019-10-15,326
2019-10-16,374
2019-10-17,350
2019-10-18,369
2019-10-19,247
2019-10-20,266
2019-10-21,354
2019-10-22,287
2019-10-23,330
2019-10-24,333
2019-10-25,374
2019-10-26,292
2019-10-27,256
2019-10-28,194
2019-10-29,297
2019-10-30,283
2019-10-31,360
2019-11-01,326
2019-11-02,329
2019-11-03,211
2019-11-04,341
2019-11-05,307
2019-11-06,313
2019-11-07,348
2019-11-08,323
2019-11-09,259
2019-11-10,214
2019-11-11,319
2019-11-12,372
2019-11-13,393
2019-11-14,411
2019-11-15,376
2019-11-16,289
2019-11-17,234
2019-11-18,346
2019-11-19,326
2019-11-20,301
2019-11-21,359
2019-11-22,363
2019-11-23,253
2019-11-24,215
2019-11-25,334
2019-11-26,296
2019-11-27,320
2019-11-28,326
2019-11-29,369
2019-11-30,244
2019-12-01,194
2019-12-02,329
2019-12-03,324
2019-12-04,319
2019-12-05,319
2019-12-06,337
2019-12-07,343
2019-12-08,223
2019-12-09,321
2019-12-10,323
2019-12-11,410
2019-12-12,318
2019-12-13,333
2019-12-14,311
2019-12-15,231
2019-12-16,359
2019-12-17,300
2019-12-18,363
2019-12-19,324
2019-12-20,394
2019-12-21,277
2019-12-22,231
2019-12-23,277
2019-12-24,134
2019-12-25,140
2019-12-26,163
2019-12-27,215
2019-12-28,188
2019-12-29,145
2019-12-30,193
2019-12-31,141
2020-01-01,512
2020-01-02,206
2020-01-03,226
2020-01-04,160
2020-01-05,150
2020-01-06,252
2020-01-07,256
2020-01-08,282
2020-01-09,256
2020-01-10,318
2020-01-11,217
2020-01-12,193
2020-01-13,324
2020-01-14,307
2020-01-15,278
2020-01-16,281
2020-01-17,331
2020-01-18,257
2020-01-19,180
2020-01-20,283
2020-01-21,281
2020-01-22,287
2020-01-23,280
2020-01-24,281
2020-01-25,183
2020-01-26,176
2020-01-27,304
2020-01-28,260
2020-01-29,264
2020-01-30,256
2020-01-31,280
2020-02-01,224
2020-02-02,171
2020-02-03,316
2020-02-04,280
2020-02-05,277
2020-02-06,230
2020-02-07,264
2020-02-08,202
2020-02-09,193
2020-02-10,331
2020-02-11,306
2020-02-12,309
2020-02-13,292
2020-02-14,311
2020-02-15,215
2020-02-16,142
2020-02-17,256
2020-02-18,245
2020-02-19,275
2020-02-20,266
2020-02-21,283
2020-02-22,191
2020-02-23,185
2020-02-24,286
2020-02-25,263
2020-02-26,243
2020-02-27,253
2020-02-28,357
2020-02-29,241
2020-03-01,197
2020-03-02,285
2020-03-03,281
2020-03-04,284
2020-03-05,282
2020-03-06,301
2020-03-07,226
2020-03-08,160
2020-03-09,287
2020-03-10,249
2020-03-11,300
2020-03-12,274
2020-03-13,241
2020-03-14,174
2020-03-15,145
2020-03-16,175
2020-03-17,156
2020-03-18,172
2020-03-19,181
2020-03-20,195
2020-03-21,104
2020-03-22,76
2020-03-23,167
2020-03-24,158
2020-03-25,165
2020-03-26,149
2020-03-27,214
2020-03-28,161
2020-03-29,98
2020-03-30,216
2020-03-31,196
2020-04-01,179
2020-04-02,198
2020-04-03,174
2020-04-04,127
2020-04-05,147
2020-04-06,234
2020-04-07,268
2020-04-08,271
2020-04-09,274
2020-04-10,174
2020-04-11,227
2020-04-12,165
2020-04-13,116
2020-04-14,218
2020-04-15,221
2020-04-16,252
2020-04-17,242
2020-04-18,182
2020-04-19,133
2020-04-20,279
2020-04-21,269
2020-04-22,282
2020-04-23,270
2020-04-24,318
2020-04-25,195
2020-04-26,184
2020-04-27,313
2020-04-28,305
2020-04-29,259
2020-04-30,280
2020-05-01,189
2020-05-02,187
2020-05-03,171
2020-05-04,285
2020-05-05,271
2020-05-06,299
2020-05-07,347
2020-05-08,197
2020-05-09,219
2020-05-10,217
2020-05-11,304
2020-05-12,244
2020-05-13,254
2020-05-14,280
2020-05-15,281
2020-05-16,208
2020-05-17,205
2020-05-18,309
2020-05-19,307
2020-05-20,290
2020-05-21,303
2020-05-22,327
2020-05-23,214
2020-05-24,185
2020-05-25,305
2020-05-26,291
2020-05-27,310
2020-05-28,262
2020-05-29,357
2020-05-30,212
2020-05-31,191
2020-06-01,356
2020-06-02,287
2020-06-03,293
2020-06-04,311
2020-06-05,332
2020-06-06,230
2020-06-07,205
2020-06-08,269
2020-06-09,267
2020-06-10,309
2020-06-11,319
2020-06-12,334
2020-06-13,264
2020-06-14,235
2020-06-15,283
2020-06-16,285
2020-06-17,327
2020-06-18,338
2020-06-19,359
2020-06-20,266
2020-06-21,212
2020-06-22,306
2020-06-23,334
2020-06-24,315
2020-06-25,316
2020-06-26,330
2020-06-27,251
2020-06-28,233
2020-06-29,363
2020-06-30,300
2020-07-01,332
2020-07-02,298
2020-07-03,302
2020-07-04,251
2020-07-05,232
2020-07-06,207
2020-07-07,281
2020-07-08,330
2020-07-09,277
2020-07-10,319
2020-07-11,244
2020-07-12,197
2020-07-13,328
2020-07-14,290
2020-07-15,276
2020-07-16,297
2020-07-17,340
2020-07-18,229
2020-07-19,224
2020-07-20,291
2020-07-21,280
2020-07-22,317
2020-07-23,303
2020-07-24,323
2020-07-25,256
2020-07-26,224
2020-07-27,289
2020-07-28,286
2020-07-29,360
2020-07-30,336
2020-07-31,338
2020-08-01,266
2020-08-02,263
2020-08-03,411
2020-08-04,317
2020-08-05,323
2020-08-06,331
2020-08-07,345
2020-08-08,246
2020-08-09,226
2020-08-10,349
2020-08-11,283
2020-08-12,313
2020-08-13,326
2020-08-14,356
2020-08-15,241
2020-08-16,244
2020-08-17,306
2020-08-18,299
2020-08-19,275
2020-08-20,310
2020-08-21,337
2020-08-22,238
2020-08-23,236
2020-08-24,292
2020-08-25,296
2020-08-26,310
2020-08-27,280
2020-08-28,338
2020-08-29,235
2020-08-30,234
2020-08-31,313
2020-09-01,305
2020-09-02,335
2020-09-03,306
2020-09-04,319
2020-09-05,248
2020-09-06,186
2020-09-07,308
2020-09-08,346
2020-09-09,332
2020-09-10,318
2020-09-11,322
2020-09-12,234
2020-09-13,226
2020-09-14,347
2020-09-15,328
2020-09-16,309
2020-09-17,304
2020-09-18,370
2020-09-19,257
2020-09-20,195
2020-09-21,326
2020-09-22,328
2020-09-23,288
2020-09-24,283
2020-09-25,463
2020-09-26,305
2020-09-27,196
2020-09-28,260
2020-09-29,349
2020-09-30,298
2020-10-01,316
2020-10-02,353
2020-10-03,239
2020-10-04,218
2020-10-05,331
2020-10-06,314
2020-10-07,313
2020-10-08,288
2020-10-09,310
2020-10-10,246
2020-10-11,170
2020-10-12,321
2020-10-13,257
2020-10-14,333
2020-10-15,279
2020-10-16,305
2020-10-17,196
2020-10-18,154
2020-10-19,270
2020-10-20,234
2020-10-21,273
2020-10-22,251
2020-10-23,267
2020-10-24,191
2020-10-25,175
2020-10-26,261
2020-10-27,221
2020-10-28,142
2020-10-29,264
2020-10-30,269
2020-10-31,189
2020-11-01,160
2020-11-02,278
2020-11-03,250
2020-11-04,228
2020-11-05,263
2020-11-06,294
2020-11-07,203
2020-11-08,151
2020-11-09,260
2020-11-10,248
2020-11-11,215
2020-11-12,235
2020-11-13,281
2020-11-14,213
2020-11-15,136
2020-11-16,268
2020-11-17,155
2020-11-18,295
2020-11-19,281
2020-11-20,312
2020-11-21,232
2020-11-22,159
2020-11-23,272
2020-11-24,324
2020-11-25,277
2020-11-26,271
2020-11-27,286
2020-11-28,200
2020-11-29,147
2020-11-30,273
2020-12-01,278
2020-12-02,233
2020-12-03,437
2020-12-04,327
2020-12-05,227
2020-12-06,193
2020-12-07,293
2020-12-08,302
2020-12-09,278
2020-12-10,316
2020-12-11,300
2020-12-12,196
2020-12-13,167
2020-12-14,319
2020-12-15,281
2020-12-16,280
2020-12-17,300
2020-12-18,285
2020-12-19,161
2020-12-20,141
2020-12-21,291
2020-12-22,244
2020-12-23,263
2020-12-24,113
2020-12-25,118
2020-12-26,121
2020-12-27,142
2020-12-28,167
2020-12-29,182
2020-12-30,186
2020-12-31,146
2021-01-01,390
2021-01-02,125
2021-01-03,118
2021-01-04,183
2021-01-05,159
2021-01-06,263
2021-01-07,232
2021-01-08,249
2021-01-09,162
2021-01-10,124
2021-01-11,235
2021-01-12,399
2021-01-13,284
2021-01-14,377
2021-01-15,295
2021-01-16,185
2021-01-17,156
2021-01-18,235
2021-01-19,254
2021-01-20,274
2021-01-21,270
2021-01-22,258
2021-01-23,142
2021-01-24,175
2021-01-25,237
2021-01-26,317
2021-01-27,276
2021-01-28,262
2021-01-29,383
2021-01-30,157
2021-01-31,159
2021-02-01,289
2021-02-02,270
2021-02-03,238
2021-02-04,206
2021-02-05,265
2021-02-06,196
2021-02-07,240
2021-02-08,332
2021-02-09,261
2021-02-10,261
2021-02-11,241
2021-02-12,266
2021-02-13,191
2021-02-14,185
2021-02-15,307
2021-02-16,266
2021-02-17,318
2021-02-18,255
2021-02-19,243
2021-02-20,202
2021-02-21,126
2021-02-22,253
2021-02-23,235
2021-02-24,246
2021-02-25,259
2021-02-26,272
2021-02-27,137
2021-02-28,188
2021-03-01,201
2021-03-02,207
2021-03-03,193
2021-03-04,178
2021-03-05,218
2021-03-06,123
2021-03-07,107
2021-03-08,230
2021-03-09,166
2021-03-10,207
2021-03-11,203
2021-03-12,233
2021-03-13,123
2021-03-14,128
2021-03-15,195
2021-03-16,194
2021-03-17,216
2021-03-18,238
2021-03-19,245
2021-03-20,164
2021-03-21,126
2021-03-22,279
2021-03-23,178
2021-03-24,191
2021-03-25,248
2021-03-26,252
2021-03-27,146
2021-03-28,125
2021-03-29,227
2021-03-30,278
2021-03-31,284
2021-04-01,288
2021-04-02,124
2021-04-03,112
2021-04-04,142
2021-04-05,121
2021-04-06,226
2021-04-07,224
2021-04-08,236
2021-04-09,240
2021-04-10,162
2021-04-11,153
2021-04-12,316
2021-04-13,248
2021-04-14,289
2021-04-15,260
2021-04-16,226
2021-04-17,149
2021-04-18,140
2021-04-19,304
2021-04-20,286
2021-04-21,292
2021-04-22,274
2021-04-23,302
2021-04-24,209
2021-04-25,183
2021-04-26,286
2021-04-27,305
2021-04-28,331
2021-04-29,309
2021-04-30,312
2021-05-01,193
2021-05-02,172
2021-05-03,251
2021-05-04,299
2021-05-05,278
2021-05-06,271
2021-05-07,312
2021-05-08,175
2021-05-09,263
2021-05-10,378
2021-05-11,343
2021-05-12,311
2021-05-13,353
2021-05-14,378
2021-05-15,241
2021-05-16,201
2021-05-17,322
2021-05-18,305
2021-05-19,324
2021-05-20,345
2021-05-21,338
2021-05-22,253
2021-05-23,197
2021-05-24,301
2021-05-25,323
2021-05-26,313
2021-05-27,298
2021-05-28,334
2021-05-29,223
2021-05-30,204
2021-05-31,312
2021-06-01,333
2021-06-02,325
2021-06-03,341
2021-06-04,373
2021-06-05,240
2021-06-06,235
2021-06-07,357
2021-06-08,329
2021-06-09,348
2021-06-10,369
2021-06-11,354
2021-06-12,219
2021-06-13,220
2021-06-14,351
2021-06-15,329
2021-06-16,324
2021-06-17,368
2021-06-18,393
2021-06-19,275
2021-06-20,244
2021-06-21,346
2021-06-22,347
2021-06-23,321
2021-06-24,366
2021-06-25,362
2021-06-26,268
2021-06-27,219
2021-06-28,347
2021-06-29,354
2021-06-30,341
2021-07-01,300
2021-07-02,325
2021-07-03,264
2021-07-04,211
2021-07-05,207
2021-07-06,214
2021-07-07,308
2021-07-08,321
2021-07-09,276
2021-07-10,261
2021-07-11,233
2021-07-12,308
2021-07-13,319
2021-07-14,322
2021-07-15,309
2021-07-16,319
2021-07-17,222
2021-07-18,241
2021-07-19,310
2021-07-20,279
2021-07-21,274
2021-07-22,260
2021-07-23,337
2021-07-24,300
2021-07-25,227
2021-07-26,321
2021-07-27,277
2021-07-28,317
2021-07-29,298
2021-07-30,335
2021-07-31,258
2021-08-01,244
2021-08-02,308
2021-08-03,311
2021-08-04,298
2021-08-05,337
2021-08-06,298
2021-08-07,280
2021-08-08,254
2021-08-09,301
2021-08-10,305
2021-08-11,319
2021-08-12,331
2021-08-13,361
2021-08-14,281
2021-08-15,226
2021-08-16,288
2021-08-17,286
2021-08-18,284
2021-08-19,254
2021-08-20,293
2021-08-21,263
2021-08-22,215
2021-08-23,302
2021-08-24,283
2021-08-25,338
2021-08-26,327
2021-08-27,344
2021-08-28,251
2021-08-29,167
2021-08-30,314
2021-08-31,286
2021-09-01,373
2021-09-02,345
2021-09-03,349
2021-09-04,265
2021-09-05,245
2021-09-06,372
2021-09-07,283
2021-09-08,357
2021-09-09,347
2021-09-10,346
2021-09-11,283
2021-09-12,221
2021-09-13,359
2021-09-14,314
2021-09-15,339
2021-09-16,348
2021-09-17,329
2021-09-18,250
2021-09-19,195
2021-09-20,264
2021-09-21,303
2021-09-22,317
2021-09-23,319
2021-09-24,316
2021-09-25,271
2021-09-26,261
2021-09-27,331
2021-09-28,190
2021-09-29,328
2021-09-30,294
2021-10-01,371
2021-10-02,275
2021-10-03,242
2021-10-04,305
2021-10-05,338
2021-10-06,344
2021-10-07,326
2021-10-08,376
2021-10-09,277
2021-10-10,200
2021-10-11,332
2021-10-12,305
2021-10-13,323
2021-10-14,329
2021-10-15,376
2021-10-16,253
2021-10-17,236
2021-10-18,361
2021-10-19,325
2021-10-20,365
2021-10-21,416
2021-10-22,377
2021-10-23,238
2021-10-24,199
2021-10-25,397
2021-10-26,352
2021-10-27,360
2021-10-28,227
2021-10-29,365
2021-10-30,259
2021-10-31,244
2021-11-01,350
2021-11-02,307
2021-11-03,339
2021-11-04,359
2021-11-05,349
2021-11-06,241
2021-11-07,191
2021-11-08,307
2021-11-09,279
2021-11-10,326
2021-11-11,305
2021-11-12,323
2021-11-13,224
2021-11-14,205
2021-11-15,307
2021-11-16,295
2021-11-17,199
2021-11-18,289
2021-11-19,328
2021-11-20,227
2021-11-21,181
2021-11-22,339
2021-11-23,293
2021-11-24,287
2021-11-25,294
2021-11-26,407
2021-11-27,215
2021-11-28,251
2021-11-29,342
2021-11-30,356
2021-12-01,318
2021-12-02,303
2021-12-03,342
2021-12-04,330
2021-12-05,212
2021-12-06,298
2021-12-07,277
2021-12-08,314
2021-12-09,466
2021-12-10,379
2021-12-11,215
2021-12-12,214
2021-12-13,310
2021-12-14,292
2021-12-15,331
2021-12-16,299
2021-12-17,365
2021-12-18,261
2021-12-19,162
2021-12-20,329
2021-12-21,299
2021-12-22,347
2021-12-23,302
2021-12-24,188
2021-12-25,191
2021-12-26,187
2021-12-27,214
2021-12-28,199
2021-12-29,181
2021-12-30,198
2021-12-31,141
2022-01-01,543
2022-01-02,123
2022-01-03,234
2022-01-04,246
2022-01-05,219
2022-01-06,267
2022-01-07,237
2022-01-08,187
2022-01-09,208
2022-01-10,274
2022-01-11,261
2022-01-12,247
2022-01-13,296
2022-01-14,362
2022-01-15,226
2022-01-16,198
2022-01-17,296
2022-01-18,275
2022-01-19,260
2022-01-20,336
2022-01-21,323
2022-01-22,207
2022-01-23,179
2022-01-24,232
2022-01-25,222
2022-01-26,218
2022-01-27,242
2022-01-28,261
2022-01-29,213
2022-01-30,156
2022-01-31,238
2022-02-01,286
2022-02-02,247
2022-02-03,251
2022-02-04,255
2022-02-05,166
2022-02-06,113
2022-02-07,284
2022-02-08,209
2022-02-09,233
2022-02-10,257
2022-02-11,285
2022-02-12,207
2022-02-13,171
2022-02-14,274
2022-02-15,277
2022-02-16,262
2022-02-17,344
2022-02-18,310
2022-02-19,194
2022-02-20,154
2022-02-21,253
2022-02-22,220
2022-02-23,274
2022-02-24,263
2022-02-25,261
2022-02-26,167
2022-02-27,143
2022-02-28,247
2022-03-01,290
2022-03-02,260
2022-03-03,247
2022-03-04,384
2022-03-05,183
2022-03-06,121
2022-03-07,214
2022-03-08,226
2022-03-09,253
2022-03-10,294
2022-03-11,243
2022-03-12,191
2022-03-13,176
2022-03-14,245
2022-03-15,215
2022-03-16,253
2022-03-17,214
2022-03-18,273
2022-03-19,203
2022-03-20,184
2022-03-21,294
2022-03-22,317
2022-03-23,307
2022-03-24,300
2022-03-25,305
2022-03-26,236
2022-03-27,192
2022-03-28,322
2022-03-29,269
2022-03-30,290
2022-03-31,249
2022-04-01,278
2022-04-02,189
2022-04-03,143
2022-04-04,273
2022-04-05,270
2022-04-06,278
2022-04-07,272
2022-04-08,329
2022-04-09,230
2022-04-10,209
2022-04-11,329
2022-04-12,332
2022-04-13,331
2022-04-14,362
2022-04-15,204
2022-04-16,199
2022-04-17,194
2022-04-18,183
2022-04-19,289
2022-04-20,287
2022-04-21,262
2022-04-22,299
2022-04-23,248
2022-04-24,216
2022-04-25,315
2022-04-26,280
2022-04-27,296
2022-04-28,303
2022-04-29,332
2022-04-30,255
2022-05-01,232
2022-05-02,308
2022-05-03,302
2022-05-04,318
2022-05-05,308
2022-05-06,330
2022-05-07,276
2022-05-08,238
2022-05-09,348
2022-05-10,353
2022-05-11,345
2022-05-12,337
2022-05-13,351
2022-05-14,278
2022-05-15,260
2022-05-16,371
2022-05-17,304
2022-05-18,350
2022-05-19,315
2022-05-20,349
2022-05-21,263
2022-05-22,247
2022-05-23,303
2022-05-24,294
2022-05-25,340
2022-05-26,307
2022-05-27,297
2022-05-28,219
2022-05-29,213
2022-05-30,306
2022-05-31,297
2022-06-01,312
2022-06-02,322
2022-06-03,334
2022-06-04,275
2022-06-05,233
2022-06-06,333
2022-06-07,312
2022-06-08,299
2022-06-09,311
2022-06-10,324
2022-06-11,233
2022-06-12,225
2022-06-13,341
2022-06-14,303
2022-06-15,338
2022-06-16,305
2022-06-17,344
2022-06-18,237
2022-06-19,252
2022-06-20,305
2022-06-21,314
2022-06-22,314
2022-06-23,332
2022-06-24,348
2022-06-25,234
2022-06-26,228
2022-06-27,329
2022-06-28,284
2022-06-29,324
2022-06-30,317
2022-07-01,329
2022-07-02,215
2022-07-03,186
2022-07-04,288
2022-07-05,164
2022-07-06,177
2022-07-07,252
2022-07-08,242
2022-07-09,212
2022-07-10,183
2022-07-11,260
2022-07-12,285
2022-07-13,267
2022-07-14,302
2022-07-15,332
2022-07-16,238
2022-07-17,214
2022-07-18,322
2022-07-19,282
2022-07-20,286
2022-07-21,298
2022-07-22,313
2022-07-23,257
2022-07-24,233
2022-07-25,307
2022-07-26,259
2022-07-27,297
2022-07-28,303
2022-07-29,318
2022-07-30,281
2022-07-31,199
2022-08-01,307
2022-08-02,274
2022-08-03,289
2022-08-04,316
2022-08-05,357
2022-08-06,255
2022-08-07,227
2022-08-08,325
2022-08-09,290
2022-08-10,305
2022-08-11,311
2022-08-12,316
2022-08-13,220
2022-08-14,224
2022-08-15,319
2022-08-16,292
2022-08-17,275
2022-08-18,261
2022-08-19,277
2022-08-20,326
2022-08-21,209
2022-08-22,319
2022-08-23,285
2022-08-24,254
2022-08-25,294
2022-08-26,333
2022-08-27,233
2022-08-28,199
2022-08-29,255
2022-08-30,247
2022-08-31,242
2022-09-01,275
2022-09-02,297
2022-09-03,228
2022-09-04,241
2022-09-05,313
2022-09-06,304
2022-09-07,305
2022-09-08,302
2022-09-09,327
2022-09-10,236
2022-09-11,200
2022-09-12,302
2022-09-13,275
2022-09-14,339
2022-09-15,320
2022-09-16,323
2022-09-17,259
2022-09-18,231
2022-09-19,288
2022-09-20,316
2022-09-21,291
2022-09-22,315
2022-09-23,313
2022-09-24,233
2022-09-25,205
2022-09-26,307
2022-09-27,327
2022-09-28,195
2022-09-29,293
2022-09-30,316
2022-10-01,226
2022-10-02,191
2022-10-03,323
2022-10-04,283
2022-10-05,319
2022-10-06,302
2022-10-07,365
2022-10-08,231
2022-10-09,269
2022-10-10,306
2022-10-11,316
2022-10-12,300
2022-10-13,278
2022-10-14,317
2022-10-15,264
2022-10-16,240
2022-10-17,356
2022-10-18,327
2022-10-19,275
2022-10-20,295
2022-10-21,305
2022-10-22,248
2022-10-23,179
2022-10-24,299
2022-10-25,316
2022-10-26,296
2022-10-27,387
2022-10-28,197
2022-10-29,224
2022-10-30,212
2022-10-31,352
2022-11-01,267
2022-11-02,283
2022-11-03,260
2022-11-04,364
2022-11-05,203
2022-11-06,179
2022-11-07,270
2022-11-08,292
2022-11-09,260
2022-11-10,284
2022-11-11,334
2022-11-12,227
2022-11-13,191
2022-11-14,329
2022-11-15,292
2022-11-16,330
2022-11-17,191
2022-11-18,276
2022-11-19,212
2022-11-20,161
2022-11-21,321
2022-11-22,287
2022-11-23,282
2022-11-24,294
2022-11-25,334
2022-11-26,217
2022-11-27,215
2022-11-28,257
2022-11-29,270
2022-11-30,254
2022-12-01,254
2022-12-02,272
2022-12-03,188
2022-12-04,154
2022-12-05,255
2022-12-06,272
2022-12-07,248
2022-12-08,299
2022-12-09,305
2022-12-10,214
2022-12-11,246
2022-12-12,468
2022-12-13,263
2022-12-14,338
2022-12-15,339
2022-12-16,374
2022-12-17,202
2022-12-18,160
2022-12-19,405
2022-12-20,326
2022-12-21,314
2022-12-22,243
2022-12-23,230
2022-12-24,119
2022-12-25,125
2022-12-26,121
2022-12-27,169
2022-12-28,157
2022-12-29,151
2022-12-30,157
2022-12-31,111
