ds,y,temp
2016-01-01,450.0,-0.6
2016-01-02,148.0,-0.3
2016-01-03,99.0,-4.4
2016-01-04,344.0,-5.9
2016-01-05,271.0,-4.7
2016-01-06,276.0,-3.2
2016-01-07,209.0,-0.8
2016-01-08,324.0,1.9
2016-01-09,211.0,-2.6
2016-01-10,140.0,0.3
2016-01-11,256.0,3.0
2016-01-12,285.0,3.5
2016-01-13,358.0,2.6
2016-01-14,268.0,0.8
2016-01-15,336.0,0.1
2016-01-16,228.0,-2.2
2016-01-17,218.0,-2.8
2016-01-18,274.0,-7.1
2016-01-19,240.0,-8.4
2016-01-20,292.0,-5.1
2016-01-21,298.0,-5.8
2016-01-22,325.0,-11.8
2016-01-23,316.0,-6.3
2016-01-24,158.0,2.4
2016-01-25,273.0,4.8
2016-01-26,291.0,6.3
2016-01-27,257.0,9.2
2016-01-28,226.0,7.7
2016-01-29,284.0,4.8
2016-01-30,191.0,6.4
2016-01-31,146.0,2.9
2016-02-01,247.0,8.1
2016-02-02,208.0,9.7
2016-02-03,209.0,4.0
2016-02-04,262.0,1.7
2016-02-05,280.0,2.4
2016-02-06,189.0,5.6
2016-02-07,141.0,2.5
2016-02-08,247.0,7.1
2016-02-09,249.0,7.4
2016-02-10,247.0,3.9
2016-02-11,218.0,2.7
2016-02-12,268.0,1.4
2016-02-13,183.0,1.0
2016-02-14,139.0,5.7
2016-02-15,226.0,4.8
2016-02-16,238.0,0.5
2016-02-17,393.0,-1.0
2016-02-18,256.0,0.7
2016-02-19,265.0,1.3
2016-02-20,176.0,2.3
2016-02-21,170.0,9.4
2016-02-22,250.0,10.2
2016-02-23,270.0,1.8
2016-02-24,268.0,1.5
2016-02-25,237.0,-0.8
2016-02-26,245.0,-0.8
2016-02-27,172.0,-0.8
2016-02-28,144.0,0.8
2016-02-29,301.0,1.3
2016-03-01,313.0,-1.2
2016-03-02,225.0,2.4
2016-03-03,240.0,2.2
2016-03-04,276.0,2.2
2016-03-05,178.0,3.2
2016-03-06,132.0,2.9
2016-03-07,264.0,1.9
2016-03-08,274.0,1.0
2016-03-09,283.0,-0.1
2016-03-10,254.0,4.1
2016-03-11,242.0,3.5
2016-03-12,161.0,2.7
2016-03-13,135.0,2.5
2016-03-14,291.0,2.1
2016-03-15,260.0,1.8
2016-03-16,252.0,2.4
2016-03-17,318.0,2.2
2016-03-18,300.0,4.6
2016-03-19,164.0,3.1
2016-03-20,146.0,3.3
2016-03-21,266.0,5.1
2016-03-22,251.0,4.9
2016-03-23,260.0,4.2
2016-03-24,301.0,3.6
2016-03-25,193.0,4.7
2016-03-26,160.0,5.2
2016-03-27,188.0,7.3
2016-03-28,171.0,9.8
2016-03-29,300.0,8.5
2016-03-30,282.0,8.1
2016-03-31,282.0,9.7
2016-04-01,307.0,4.4
2016-04-02,186.0,7.3
2016-04-03,180.0,10.3
2016-04-04,275.0,12.5
2016-04-05,278.0,15.4
2016-04-06,306.0,12.5
2016-04-07,269.0,11.4
2016-04-08,279.0,9.0
2016-04-09,169.0,6.7
2016-04-10,146.0,5.6
2016-04-11,241.0,7.3
2016-04-12,247.0,11.7
2016-04-13,321.0,11.8
2016-04-14,269.0,9.7
2016-04-15,333.0,7.6
2016-04-16,216.0,11.3
2016-04-17,211.0,9.8
2016-04-18,303.0,8.1
2016-04-19,277.0,7.2
2016-04-20,319.0,6.8
2016-04-21,326.0,8.4
2016-04-22,338.0,8.8
2016-04-23,249.0,6.9
2016-04-24,168.0,3.1
2016-04-25,315.0,2.7
2016-04-26,325.0,4.3
2016-04-27,260.0,4.1
2016-04-28,277.0,4.4
2016-04-29,358.0,6.8
2016-04-30,226.0,10.7
2016-05-01,211.0,10.9
2016-05-02,304.0,10.9
2016-05-03,274.0,11.2
2016-05-04,314.0,7.3
2016-05-05,291.0,11.2
2016-05-06,348.0,14.6
2016-05-07,261.0,15.2
2016-05-08,241.0,14.8
2016-05-09,321.0,15.4
2016-05-10,312.0,15.5
2016-05-11,305.0,14.4
2016-05-12,301.0,13.7
2016-05-13,309.0,15.1
2016-05-14,249.0,12.3
2016-05-15,179.0,6.8
2016-05-16,312.0,7.2
2016-05-17,268.0,8.4
2016-05-18,281.0,12.3
2016-05-19,251.0,13.6
2016-05-20,353.0,15.1
2016-05-21,246.0,15.6
2016-05-22,221.0,19.8
2016-05-23,346.0,16.1
2016-05-24,310.0,15.0
2016-05-25,270.0,13.6
2016-05-26,290.0,15.7
2016-05-27,334.0,16.6
2016-05-28,248.0,16.9
2016-05-29,192.0,17.1
2016-05-30,308.0,18.8
2016-05-31,338.0,16.0
2016-06-01,325.0,16.7
2016-06-02,313.0,16.0
2016-06-03,299.0,15.4
2016-06-04,219.0,16.8
2016-06-05,184.0,19.0
2016-06-06,295.0,18.4
2016-06-07,315.0,17.3
2016-06-08,308.0,17.8
2016-06-09,294.0,16.3
2016-06-10,324.0,16.3
2016-06-11,166.0,15.1
2016-06-12,192.0,16.0
2016-06-13,319.0,16.2
2016-06-14,298.0,16.4
2016-06-15,329.0,14.9
2016-06-16,294.0,17.5
2016-06-17,342.0,14.4
2016-06-18,276.0,16.4
2016-06-19,198.0,16.4
2016-06-20,348.0,15.6
2016-06-21,273.0,16.9
2016-06-22,291.0,19.8
2016-06-23,326.0,23.6
2016-06-24,341.0,24.7
2016-06-25,277.0,24.5
2016-06-26,212.0,18.6
2016-06-27,334.0,16.7
2016-06-28,315.0,17.0
2016-06-29,319.0,19.8
2016-06-30,318.0,18.9
2016-07-01,336.0,20.9
2016-07-02,265.0,19.2
2016-07-03,187.0,14.9
2016-07-04,277.0,16.0
2016-07-05,176.0,19.2
2016-07-06,160.0,16.2
2016-07-07,276.0,15.9
2016-07-08,245.0,19.9
2016-07-09,202.0,19.5
2016-07-10,207.0,22.2
2016-07-11,296.0,25.3
2016-07-12,295.0,19.9
2016-07-13,297.0,18.2
2016-07-14,358.0,13.3
2016-07-15,269.0,13.7
2016-07-16,213.0,16.0
2016-07-17,234.0,17.8
2016-07-18,275.0,19.4
2016-07-19,301.0,20.8
2016-07-20,281.0,20.9
2016-07-21,286.0,20.8
2016-07-22,326.0,22.0
2016-07-23,258.0,22.0
2016-07-24,220.0,20.1
2016-07-25,301.0,21.9
2016-07-26,281.0,22.5
2016-07-27,292.0,20.7
2016-07-28,270.0,20.7
2016-07-29,308.0,20.1
2016-07-30,225.0,22.4
2016-07-31,256.0,18.6
2016-08-01,299.0,17.8
2016-08-02,278.0,16.3
2016-08-03,279.0,18.8
2016-08-04,284.0,23.4
2016-08-05,346.0,16.3
2016-08-06,215.0,17.4
2016-08-07,242.0,18.3
2016-08-08,330.0,21.4
2016-08-09,277.0,15.0
2016-08-10,288.0,12.1
2016-08-11,257.0,12.2
2016-08-12,253.0,14.4
2016-08-13,211.0,19.4
2016-08-14,218.0,19.7
2016-08-15,325.0,18.6
2016-08-16,234.0,16.4
2016-08-17,296.0,14.8
2016-08-18,256.0,16.5
2016-08-19,323.0,19.6
2016-08-20,248.0,21.6
2016-08-21,239.0,17.4
2016-08-22,299.0,16.2
2016-08-23,248.0,19.3
2016-08-24,268.0,20.7
2016-08-25,325.0,20.8
2016-08-26,319.0,21.5
2016-08-27,258.0,22.0
2016-08-28,226.0,24.2
2016-08-29,312.0,20.1
2016-08-30,296.0,16.9
2016-08-31,346.0,16.4
2016-09-01,306.0,19.0
2016-09-02,292.0,20.7
2016-09-03,218.0,19.8
2016-09-04,205.0,19.8
2016-09-05,315.0,15.9
2016-09-06,291.0,15.9
2016-09-07,312.0,19.2
2016-09-08,318.0,21.2
2016-09-09,346.0,21.6
2016-09-10,238.0,22.0
2016-09-11,202.0,22.7
2016-09-12,366.0,22.8
2016-09-13,290.0,21.8
2016-09-14,323.0,21.4
2016-09-15,368.0,20.2
2016-09-16,321.0,19.7
2016-09-17,288.0,16.8
2016-09-18,255.0,14.7
2016-09-19,333.0,12.0
2016-09-20,252.0,11.4
2016-09-21,287.0,11.6
2016-09-22,332.0,11.7
2016-09-23,324.0,12.8
2016-09-24,222.0,14.1
2016-09-25,199.0,13.8
2016-09-26,310.0,12.9
2016-09-27,345.0,13.4
2016-09-28,179.0,15.3
2016-09-29,334.0,17.8
2016-09-30,315.0,18.1
2016-10-01,255.0,17.1
2016-10-02,275.0,13.4
2016-10-03,381.0,10.8
2016-10-04,352.0,9.8
2016-10-05,331.0,6.2
2016-10-06,377.0,7.0
2016-10-07,354.0,7.4
2016-10-08,234.0,7.1
2016-10-09,227.0,7.1
2016-10-10,320.0,6.0
2016-10-11,279.0,6.3
2016-10-12,298.0,6.1
2016-10-13,322.0,6.5
2016-10-14,321.0,7.4
2016-10-15,250.0,9.2
2016-10-16,219.0,11.3
2016-10-17,326.0,7.8
2016-10-18,314.0,9.6
2016-10-19,344.0,9.7
2016-10-20,357.0,8.1
2016-10-21,380.0,6.8
2016-10-22,247.0,5.2
2016-10-23,193.0,6.3
2016-10-24,345.0,8.7
2016-10-25,372.0,10.3
2016-10-26,297.0,8.6
2016-10-27,334.0,8.6
2016-10-28,185.0,9.2
2016-10-29,254.0,9.5
2016-10-30,204.0,6.8
2016-10-31,339.0,5.2
2016-11-01,318.0,8.2
2016-11-02,281.0,6.3
2016-11-03,320.0,3.2
2016-11-04,300.0,3.9
2016-11-05,224.0,3.9
2016-11-06,214.0,4.5
2016-11-07,295.0,2.8
2016-11-08,318.0,0.6
2016-11-09,258.0,0.4
2016-11-10,341.0,1.6
2016-11-11,331.0,1.8
2016-11-12,217.0,-0.8
2016-11-13,173.0,-1.9
2016-11-14,334.0,-2.3
2016-11-15,313.0,-0.9
2016-11-16,384.0,5.6
2016-11-17,224.0,8.6
2016-11-18,275.0,9.1
2016-11-19,224.0,6.1
2016-11-20,206.0,3.3
2016-11-21,352.0,3.6
2016-11-22,262.0,6.4
2016-11-23,284.0,7.0
2016-11-24,288.0,6.4
2016-11-25,325.0,4.7
2016-11-26,229.0,3.1
2016-11-27,180.0,3.1
2016-11-28,336.0,-1.2
2016-11-29,294.0,-2.3
2016-11-30,345.0,-1.3
2016-12-01,340.0,2.3
2016-12-02,358.0,3.1
2016-12-03,265.0,-1.7
2016-12-04,203.0,-4.1
2016-12-05,310.0,-4.7
2016-12-06,284.0,-2.8
2016-12-07,290.0,-1.9
2016-12-08,354.0,2.8
2016-12-09,358.0,4.8
2016-12-10,280.0,6.6
2016-12-11,186.0,5.7
2016-12-12,335.0,3.8
2016-12-13,244.0,-0.2
2016-12-14,310.0,3.3
2016-12-15,300.0,0.6
2016-12-16,337.0,-0.4
2016-12-17,197.0,-2.6
2016-12-18,258.0,0.7
2016-12-19,313.0,0.9
2016-12-20,267.0,-1.8
2016-12-21,329.0,-2.8
2016-12-22,303.0,-3.3
2016-12-23,392.0,-0.6
2016-12-24,154.0,2.4
2016-12-25,131.0,5.3
2016-12-26,133.0,6.7
2016-12-27,163.0,3.7
2016-12-28,220.0,3.8
2016-12-29,244.0,0.4
2016-12-30,210.0,-3.6
2016-12-31,152.0,-5.1
2017-01-01,466.0,-6.2
2017-01-02,296.0,-2.8
2017-01-03,248.0,-0.9
2017-01-04,401.0,0.3
2017-01-05,361.0,-4.5
2017-01-06,310.0,-9.2
2017-01-07,205.0,-10.4
2017-01-08,178.0,-5.8
2017-01-09,261.0,-2.4
2017-01-10,267.0,-5.7
2017-01-11,324.0,-6.7
2017-01-12,313.0,1.7
2017-01-13,389.0,1.6
2017-01-14,230.0,-0.8
2017-01-15,158.0,-1.9
2017-01-16,310.0,-3.8
2017-01-17,244.0,-4.6
2017-01-18,298.0,-8.1
2017-01-19,295.0,-12.3
2017-01-20,300.0,-10.6
2017-01-21,199.0,-7.6
2017-01-22,185.0,-8.4
2017-01-23,273.0,-7.8
2017-01-24,261.0,-6.4
2017-01-25,220.0,-3.6
2017-01-26,251.0,-2.7
2017-01-27,311.0,-6.8
2017-01-28,201.0,-6.7
2017-01-29,147.0,-8.7
2017-01-30,315.0,-8.8
2017-01-31,409.0,-4.7
2017-02-01,351.0,-4.1
2017-02-02,375.0,-2.8
2017-02-03,326.0,-1.5
2017-02-04,178.0,0.4
2017-02-05,162.0,1.9
2017-02-06,236.0,0.7
2017-02-07,202.0,-1.8
2017-02-08,225.0,-3.2
2017-02-09,238.0,-4.1
2017-02-10,280.0,-1.9
2017-02-11,168.0,0.0
2017-02-12,147.0,0.5
2017-02-13,283.0,-1.1
2017-02-14,267.0,-1.3
2017-02-15,315.0,0.9
2017-02-16,306.0,3.4
2017-02-17,370.0,3.5
2017-02-18,169.0,2.9
2017-02-19,155.0,2.7
2017-02-20,288.0,4.5
2017-02-21,227.0,7.2
2017-02-22,283.0,8.2
2017-02-23,245.0,9.7
2017-02-24,305.0,4.2
2017-02-25,199.0,1.9
2017-02-26,148.0,5.3
2017-02-27,302.0,7.4
2017-02-28,219.0,5.5
2017-03-01,231.0,4.8
2017-03-02,255.0,6.7
2017-03-03,301.0,5.4
2017-03-04,194.0,7.7
2017-03-05,150.0,8.1
2017-03-06,228.0,4.6
2017-03-07,238.0,3.3
2017-03-08,246.0,3.6
2017-03-09,269.0,6.8
2017-03-10,277.0,4.5
2017-03-11,200.0,4.6
2017-03-12,133.0,1.8
2017-03-13,236.0,2.7
2017-03-14,252.0,5.8
2017-03-15,219.0,7.3
2017-03-16,287.0,7.4
2017-03-17,308.0,8.6
2017-03-18,227.0,6.5
2017-03-19,174.0,6.7
2017-03-20,276.0,10.2
2017-03-21,247.0,9.7
2017-03-22,284.0,4.6
2017-03-23,250.0,4.7
2017-03-24,274.0,7.1
2017-03-25,196.0,6.2
2017-03-26,185.0,5.6
2017-03-27,298.0,6.7
2017-03-28,318.0,10.8
2017-03-29,310.0,13.0
2017-03-30,275.0,13.0
2017-03-31,378.0,14.0
2017-04-01,265.0,14.2
2017-04-02,183.0,13.6
2017-04-03,280.0,10.3
2017-04-04,282.0,7.8
2017-04-05,271.0,7.8
2017-04-06,261.0,6.6
2017-04-07,359.0,7.4
2017-04-08,196.0,10.8
2017-04-09,174.0,12.6
2017-04-10,368.0,13.9
2017-04-11,301.0,7.1
2017-04-12,338.0,8.8
2017-04-13,342.0,8.5
2017-04-14,198.0,9.2
2017-04-15,211.0,9.5
2017-04-16,180.0,6.2
2017-04-17,201.0,4.1
2017-04-18,294.0,2.8
2017-04-19,279.0,1.3
2017-04-20,284.0,2.1
2017-04-21,299.0,5.5
2017-04-22,197.0,6.8
2017-04-23,174.0,5.3
2017-04-24,354.0,6.9
2017-04-25,262.0,9.7
2017-04-26,293.0,3.9
2017-04-27,291.0,5.6
2017-04-28,332.0,4.8
2017-04-29,243.0,6.3
2017-04-30,222.0,8.4
2017-05-01,211.0,10.0
2017-05-02,332.0,10.3
2017-05-03,305.0,11.3
2017-05-04,286.0,10.9
2017-05-05,319.0,9.2
2017-05-06,237.0,12.2
2017-05-07,207.0,12.3
2017-05-08,173.0,9.9
2017-05-09,299.0,4.9
2017-05-10,372.0,6.6
2017-05-11,371.0,12.6
2017-05-12,354.0,14.6
2017-05-13,250.0,15.0
2017-05-14,226.0,14.9
2017-05-15,354.0,15.1
2017-05-16,300.0,15.7
2017-05-17,343.0,17.9
2017-05-18,357.0,18.8
2017-05-19,396.0,19.6
2017-05-20,223.0,13.7
2017-05-21,217.0,14.7
2017-05-22,318.0,14.3
2017-05-23,306.0,16.6
2017-05-24,287.0,13.8
2017-05-25,323.0,12.9
2017-05-26,355.0,15.4
2017-05-27,255.0,17.6
2017-05-28,246.0,19.5
2017-05-29,324.0,22.4
2017-05-30,328.0,22.5
2017-05-31,354.0,18.7
2017-06-01,342.0,17.4
2017-06-02,376.0,18.4
2017-06-03,271.0,20.5
2017-06-04,252.0,16.4
2017-06-05,331.0,16.2
2017-06-06,321.0,16.9
2017-06-07,305.0,12.9
2017-06-08,329.0,15.3
2017-06-09,348.0,19.3
2017-06-10,235.0,17.3
2017-06-11,229.0,19.6
2017-06-12,337.0,22.2
2017-06-13,337.0,16.1
2017-06-14,310.0,16.9
2017-06-15,339.0,19.8
2017-06-16,377.0,17.9
2017-06-17,220.0,15.2
2017-06-18,220.0,17.9
2017-06-19,370.0,20.9
2017-06-20,315.0,23.8
2017-06-21,295.0,22.1
2017-06-22,329.0,22.2
2017-06-23,387.0,19.1
2017-06-24,275.0,21.1
2017-06-25,224.0,20.2
2017-06-26,298.0,20.5
2017-06-27,334.0,17.1
2017-06-28,354.0,19.1
2017-06-29,418.0,16.6
2017-06-30,348.0,17.3
2017-07-01,248.0,16.9
2017-07-02,185.0,17.2
2017-07-03,291.0,17.3
2017-07-04,276.0,17.2
2017-07-05,196.0,19.2
2017-07-06,166.0,19.8
2017-07-07,284.0,21.4
2017-07-08,173.0,22.0
2017-07-09,197.0,22.6
2017-07-10,288.0,23.7
2017-07-11,328.0,18.9
2017-07-12,305.0,19.0
2017-07-13,301.0,15.0
2017-07-14,317.0,14.7
2017-07-15,247.0,13.7
2017-07-16,209.0,17.1
2017-07-17,286.0,19.9
2017-07-18,285.0,20.2
2017-07-19,325.0,22.9
2017-07-20,291.0,21.7
2017-07-21,331.0,21.9
2017-07-22,230.0,22.4
2017-07-23,220.0,19.7
2017-07-24,297.0,16.4
2017-07-25,293.0,15.2
2017-07-26,303.0,15.5
2017-07-27,303.0,16.9
2017-07-28,333.0,18.3
2017-07-29,240.0,20.4
2017-07-30,213.0,23.1
2017-07-31,319.0,24.0
2017-08-01,335.0,26.3
2017-08-02,324.0,23.6
2017-08-03,293.0,22.1
2017-08-04,303.0,22.8
2017-08-05,249.0,22.2
2017-08-06,244.0,18.3
2017-08-07,360.0,17.6
2017-08-08,318.0,19.7
2017-08-09,307.0,19.9
2017-08-10,299.0,20.4
2017-08-11,431.0,15.6
2017-08-12,220.0,15.3
2017-08-13,233.0,17.4
2017-08-14,327.0,17.5
2017-08-15,321.0,20.6
2017-08-16,343.0,19.6
2017-08-17,286.0,18.1
2017-08-18,347.0,23.1
2017-08-19,202.0,17.8
2017-08-20,184.0,15.7
2017-08-21,293.0,14.9
2017-08-22,267.0,14.3
2017-08-23,296.0,14.3
2017-08-24,261.0,18.6
2017-08-25,282.0,20.1
2017-08-26,244.0,20.8
2017-08-27,203.0,20.3
2017-08-28,286.0,17.7
2017-08-29,315.0,18.5
2017-08-30,314.0,20.9
2017-08-31,341.0,20.0
2017-09-01,447.0,13.1
2017-09-02,191.0,12.7
2017-09-03,239.0,13.1
2017-09-04,307.0,13.2
2017-09-05,289.0,15.5
2017-09-06,290.0,17.2
2017-09-07,295.0,13.7
2017-09-08,327.0,14.2
2017-09-09,232.0,16.1
2017-09-10,227.0,13.6
2017-09-11,286.0,13.9
2017-09-12,291.0,12.6
2017-09-13,303.0,13.7
2017-09-14,357.0,11.8
2017-09-15,364.0,11.5
2017-09-16,280.0,9.9
2017-09-17,209.0,10.3
2017-09-18,370.0,9.4
2017-09-19,309.0,9.1
2017-09-20,330.0,10.4
2017-09-21,314.0,10.6
2017-09-22,343.0,12.4
2017-09-23,264.0,11.3
2017-09-24,245.0,11.1
2017-09-25,324.0,12.6
2017-09-26,332.0,13.2
2017-09-27,360.0,13.7
2017-09-28,222.0,13.3
2017-09-29,340.0,13.7
2017-09-30,243.0,12.1
2017-10-01,230.0,10.2
2017-10-02,367.0,12.7
2017-10-03,421.0,12.0
2017-10-04,343.0,10.6
2017-10-05,382.0,11.9
2017-10-06,357.0,9.2
2017-10-07,259.0,9.3
2017-10-08,251.0,9.6
2017-10-09,364.0,7.3
2017-10-10,350.0,10.5
2017-10-11,339.0,13.1
2017-10-12,312.0,12.6
2017-10-13,361.0,12.4
2017-10-14,286.0,13.2
2017-10-15,290.0,14.5
2017-10-16,392.0,14.4
2017-10-17,306.0,14.5
2017-10-18,332.0,9.4
2017-10-19,299.0,10.6
2017-10-20,358.0,10.2
2017-10-21,260.0,11.7
2017-10-22,234.0,10.4
2017-10-23,293.0,8.2
2017-10-24,316.0,9.5
2017-10-25,321.0,12.9
2017-10-26,327.0,12.1
2017-10-27,412.0,9.4
2017-10-28,236.0,7.7
2017-10-29,270.0,7.1
2017-10-30,354.0,4.2
2017-10-31,319.0,5.3
2017-11-01,334.0,6.3
2017-11-02,327.0,9.2
2017-11-03,319.0,7.0
2017-11-04,234.0,3.3
2017-11-05,192.0,4.7
2017-11-06,337.0,5.7
2017-11-07,265.0,6.4
2017-11-08,304.0,5.4
2017-11-09,295.0,6.7
2017-11-10,354.0,6.3
2017-11-11,255.0,4.2
2017-11-12,245.0,2.4
2017-11-13,360.0,2.2
2017-11-14,352.0,2.0
2017-11-15,340.0,4.1
2017-11-16,361.0,3.5
2017-11-17,205.0,2.7
2017-11-18,213.0,2.3
2017-11-19,195.0,3.1
2017-11-20,385.0,2.8
2017-11-21,338.0,4.9
2017-11-22,333.0,7.1
2017-11-23,381.0,5.3
2017-11-24,358.0,8.2
2017-11-25,230.0,6.2
2017-11-26,182.0,1.5
2017-11-27,305.0,2.3
2017-11-28,290.0,3.9
2017-11-29,315.0,2.7
2017-11-30,381.0,1.1
2017-12-01,385.0,-0.6
2017-12-02,214.0,-1.2
2017-12-03,182.0,-1.4
2017-12-04,399.0,0.4
2017-12-05,310.0,2.7
2017-12-06,294.0,3.1
2017-12-07,350.0,2.7
2017-12-08,369.0,3.7
2017-12-09,273.0,-0.4
2017-12-10,300.0,-1.0
2017-12-11,315.0,4.1
2017-12-12,310.0,3.2
2017-12-13,329.0,0.8
2017-12-14,371.0,3.1
2017-12-15,415.0,2.2
2017-12-16,281.0,1.4
2017-12-17,303.0,-0.1
2017-12-18,377.0,-2.7
2017-12-19,333.0,-2.4
2017-12-20,333.0,0.4
2017-12-21,391.0,2.7
2017-12-22,328.0,3.9
2017-12-23,200.0,4.9
2017-12-24,127.0,6.4
2017-12-25,135.0,2.2
2017-12-26,181.0,-0.6
2017-12-27,235.0,-0.3
2017-12-28,211.0,0.6
2017-12-29,206.0,-1.3
2017-12-30,189.0,0.7
2017-12-31,116.0,8.6
2018-01-01,518.0,5.6
2018-01-02,222.0,3.7
2018-01-03,321.0,3.5
2018-01-04,267.0,4.8
2018-01-05,278.0,7.0
2018-01-06,173.0,6.7
2018-01-07,128.0,3.6
2018-01-08,266.0,2.6
2018-01-09,241.0,6.2
2018-01-10,277.0,4.6
2018-01-11,256.0,2.9
2018-01-12,299.0,3.1
2018-01-13,168.0,-0.4
2018-01-14,153.0,-1.2
2018-01-15,236.0,-1.4
2018-01-16,548.0,1.2
2018-01-17,370.0,0.4
2018-01-18,324.0,2.3
2018-01-19,302.0,1.2
2018-01-20,192.0,0.3
2018-01-21,251.0,-1.6
2018-01-22,289.0,-2.2
2018-01-23,226.0,2.1
2018-01-24,315.0,5.8
2018-01-25,285.0,5.3
2018-01-26,278.0,1.6
2018-01-27,232.0,2.2
2018-01-28,154.0,5.3
2018-01-29,282.0,7.2
2018-01-30,256.0,3.9
2018-01-31,259.0,4.5
2018-02-01,272.0,4.1
2018-02-02,279.0,1.8
2018-02-03,184.0,0.9
2018-02-04,157.0,-1.1
2018-02-05,253.0,-2.3
2018-02-06,219.0,-4.1
2018-02-07,368.0,-1.4
2018-02-08,280.0,-2.3
2018-02-09,275.0,-2.4
2018-02-10,161.0,-0.9
2018-02-11,157.0,1.4
2018-02-12,304.0,0.7
2018-02-13,256.0,-1.6
2018-02-14,333.0,-2.6
2018-02-15,276.0,-1.6
2018-02-16,446.0,1.3
2018-02-17,238.0,-1.3
2018-02-18,143.0,-0.6
2018-02-19,277.0,-1.2
2018-02-20,223.0,-2.1
2018-02-21,262.0,-2.5
2018-02-22,245.0,-3.9
2018-02-23,261.0,-4.9
2018-02-24,191.0,-6.8
2018-02-25,146.0,-9.3
2018-02-26,260.0,-10.7
2018-02-27,237.0,-11.7
2018-02-28,250.0,-10.8
2018-03-01,293.0,-9.4
2018-03-02,249.0,-6.7
2018-03-03,175.0,-5.1
2018-03-04,163.0,-4.3
2018-03-05,254.0,-1.9
2018-03-06,429.0,-0.6
2018-03-07,297.0,2.4
2018-03-08,246.0,4.4
2018-03-09,286.0,4.2
2018-03-10,211.0,7.6
2018-03-11,177.0,10.4
2018-03-12,301.0,6.6
2018-03-13,237.0,7.9
2018-03-14,255.0,3.9
2018-03-15,262.0,4.8
2018-03-16,333.0,2.6
2018-03-17,285.0,-4.4
2018-03-18,184.0,-5.9
2018-03-19,259.0,-5.9
2018-03-20,256.0,-2.2
2018-03-21,320.0,-1.3
2018-03-22,242.0,0.0
2018-03-23,307.0,2.1
2018-03-24,208.0,2.8
2018-03-25,173.0,1.1
2018-03-26,264.0,2.2
2018-03-27,294.0,3.9
2018-03-28,335.0,4.9
2018-03-29,345.0,5.9
2018-03-30,210.0,6.0
2018-03-31,158.0,6.1
2018-04-01,134.0,5.1
2018-04-02,172.0,5.6
2018-04-03,278.0,11.9
2018-04-04,284.0,13.2
2018-04-05,280.0,10.4
2018-04-06,300.0,6.0
2018-04-07,244.0,9.6
2018-04-08,201.0,7.9
2018-04-09,335.0,10.8
2018-04-10,271.0,14.3
2018-04-11,325.0,13.8
2018-04-12,295.0,16.2
2018-04-13,353.0,14.2
2018-04-14,229.0,13.5
2018-04-15,216.0,13.9
2018-04-16,327.0,13.1
2018-04-17,329.0,12.9
2018-04-18,302.0,13.8
2018-04-19,334.0,15.4
2018-04-20,368.0,18.1
2018-04-21,244.0,18.1
2018-04-22,245.0,17.6
2018-04-23,339.0,16.9
2018-04-24,314.0,14.8
2018-04-25,327.0,15.4
2018-04-26,313.0,11.4
2018-04-27,393.0,10.6
2018-04-28,269.0,15.7
2018-04-29,213.0,17.6
2018-04-30,347.0,17.3
2018-05-01,216.0,13.4
2018-05-02,317.0,14.2
2018-05-03,302.0,14.4
2018-05-04,321.0,13.4
2018-05-05,264.0,13.5
2018-05-06,209.0,13.7
2018-05-07,335.0,15.5
2018-05-08,211.0,16.6
2018-05-09,331.0,17.4
2018-05-10,343.0,18.9
2018-05-11,325.0,15.4
2018-05-12,278.0,17.3
2018-05-13,235.0,18.6
2018-05-14,342.0,17.5
2018-05-15,291.0,13.6
2018-05-16,360.0,11.6
2018-05-17,351.0,12.9
2018-05-18,332.0,13.4
2018-05-19,250.0,13.2
2018-05-20,244.0,15.3
2018-05-21,350.0,15.8
2018-05-22,315.0,16.7
2018-05-23,342.0,18.4
2018-05-24,346.0,17.7
2018-05-25,334.0,18.1
2018-05-26,264.0,19.2
2018-05-27,219.0,20.9
2018-05-28,338.0,22.9
2018-05-29,355.0,23.1
2018-05-30,331.0,20.6
2018-05-31,393.0,21.9
2018-06-01,357.0,19.3
2018-06-02,218.0,19.6
2018-06-03,205.0,19.9
2018-06-04,331.0,19.8
2018-06-05,292.0,19.5
2018-06-06,298.0,19.7
2018-06-07,298.0,20.4
2018-06-08,336.0,22.1
2018-06-09,277.0,20.8
2018-06-10,234.0,20.8
2018-06-11,331.0,20.4
2018-06-12,323.0,17.6
2018-06-13,310.0,13.9
2018-06-14,267.0,13.9
2018-06-15,363.0,16.7
2018-06-16,268.0,18.9
2018-06-17,221.0,19.6
2018-06-18,336.0,18.2
2018-06-19,293.0,18.9
2018-06-20,314.0,22.1
2018-06-21,361.0,21.7
2018-06-22,350.0,11.2
2018-06-23,232.0,11.8
2018-06-24,212.0,12.8
2018-06-25,300.0,14.3
2018-06-26,283.0,16.2
2018-06-27,301.0,15.9
2018-06-28,351.0,15.9
2018-06-29,362.0,21.0
2018-06-30,252.0,16.5
2018-07-01,225.0,13.9
2018-07-02,279.0,15.8
2018-07-03,300.0,18.0
2018-07-04,329.0,21.1
2018-07-05,234.0,22.8
2018-07-06,204.0,18.4
2018-07-07,190.0,18.2
2018-07-08,239.0,19.4
2018-07-09,317.0,20.4
2018-07-10,244.0,16.8
2018-07-11,263.0,14.8
2018-07-12,282.0,15.3
2018-07-13,294.0,20.3
2018-07-14,256.0,20.7
2018-07-15,237.0,21.3
2018-07-16,361.0,20.4
2018-07-17,306.0,22.2
2018-07-18,323.0,21.8
2018-07-19,315.0,21.6
2018-07-20,343.0,21.1
2018-07-21,251.0,22.0
2018-07-22,222.0,21.7
2018-07-23,333.0,23.0
2018-07-24,300.0,23.7
2018-07-25,341.0,24.6
2018-07-26,295.0,24.2
2018-07-27,345.0,24.5
2018-07-28,309.0,24.9
2018-07-29,247.0,24.8
2018-07-30,333.0,28.5
2018-07-31,327.0,27.7
2018-08-01,340.0,28.2
2018-08-02,340.0,27.0
2018-08-03,360.0,25.6
2018-08-04,264.0,26.2
2018-08-05,253.0,21.8
2018-08-06,334.0,21.7
2018-08-07,325.0,24.8
2018-08-08,334.0,25.1
2018-08-09,327.0,26.3
2018-08-10,349.0,19.8
2018-08-11,218.0,18.1
2018-08-12,237.0,20.4
2018-08-13,318.0,23.3
2018-08-14,267.0,20.3
2018-08-15,289.0,20.2
2018-08-16,272.0,21.5
2018-08-17,299.0,23.4
2018-08-18,282.0,22.5
2018-08-19,243.0,24.7
2018-08-20,296.0,24.8
2018-08-21,296.0,21.7
2018-08-22,309.0,23.2
2018-08-23,325.0,24.8
2018-08-24,353.0,19.8
2018-08-25,210.0,15.3
2018-08-26,208.0,14.3
2018-08-27,305.0,17.1
2018-08-28,265.0,17.5
2018-08-29,309.0,19.3
2018-08-30,333.0,15.1
2018-08-31,310.0,15.3
2018-09-01,352.0,13.0
2018-09-02,268.0,15.4
2018-09-03,374.0,17.5
2018-09-04,303.0,19.8
2018-09-05,296.0,19.0
2018-09-06,284.0,18.5
2018-09-07,376.0,16.8
2018-09-08,242.0,16.4
2018-09-09,214.0,16.4
2018-09-10,343.0,18.8
2018-09-11,270.0,21.0
2018-09-12,378.0,21.6
2018-09-13,313.0,17.3
2018-09-14,382.0,15.4
2018-09-15,252.0,15.4
2018-09-16,251.0,15.5
2018-09-17,320.0,17.5
2018-09-18,341.0,20.6
2018-09-19,318.0,21.1
2018-09-20,332.0,21.5
2018-09-21,380.0,21.0
2018-09-22,257.0,13.1
2018-09-23,271.0,13.1
2018-09-24,366.0,8.8
2018-09-25,301.0,7.4
2018-09-26,355.0,8.7
2018-09-27,381.0,14.4
2018-09-28,234.0,13.6
2018-09-29,269.0,8.6
2018-09-30,214.0,9.3
2018-10-01,319.0,7.1
2018-10-02,290.0,7.9
2018-10-03,360.0,11.2
2018-10-04,334.0,10.3
2018-10-05,385.0,10.8
2018-10-06,259.0,11.8
2018-10-07,228.0,12.7
2018-10-08,326.0,10.6
2018-10-09,323.0,9.4
2018-10-10,384.0,12.5
2018-10-11,344.0,15.3
2018-10-12,384.0,15.3
2018-10-13,292.0,14.1
2018-10-14,240.0,15.6
2018-10-15,324.0,14.9
2018-10-16,371.0,12.7
2018-10-17,301.0,11.7
2018-10-18,314.0,11.0
2018-10-19,332.0,10.4
2018-10-20,246.0,10.1
2018-10-21,211.0,8.1
2018-10-22,361.0,7.5
2018-10-23,313.0,7.5
2018-10-24,415.0,9.2
2018-10-25,354.0,11.1
2018-10-26,354.0,10.1
2018-10-27,279.0,7.5
2018-10-28,290.0,3.3
2018-10-29,394.0,5.0
2018-10-30,387.0,13.8
2018-10-31,352.0,7.8
2018-11-01,326.0,7.7
2018-11-02,353.0,8.6
2018-11-03,272.0,8.7
2018-11-04,216.0,10.3
2018-11-05,311.0,9.9
2018-11-06,320.0,9.4
2018-11-07,276.0,8.6
2018-11-08,271.0,9.1
2018-11-09,361.0,8.5
2018-11-10,226.0,8.6
2018-11-11,229.0,8.5
2018-11-12,315.0,9.2
2018-11-13,285.0,8.2
2018-11-14,375.0,6.3
2018-11-15,347.0,2.4
2018-11-16,373.0,-0.6
2018-11-17,243.0,0.5
2018-11-18,177.0,-0.6
2018-11-19,369.0,-0.3
2018-11-20,333.0,0.1
2018-11-21,313.0,1.1
2018-11-22,257.0,1.6
2018-11-23,326.0,3.1
2018-11-24,247.0,4.8
2018-11-25,221.0,2.9
2018-11-26,335.0,2.2
2018-11-27,272.0,-1.8
2018-11-28,327.0,-3.7
2018-11-29,329.0,-4.4
2018-11-30,383.0,-2.7
2018-12-01,334.0,-0.2
2018-12-02,231.0,2.0
2018-12-03,317.0,9.3
2018-12-04,309.0,6.2
2018-12-05,384.0,0.8
2018-12-06,284.0,1.0
2018-12-07,327.0,9.5
2018-12-08,229.0,6.3
2018-12-09,193.0,6.6
2018-12-10,315.0,2.8
2018-12-11,349.0,1.8
2018-12-12,392.0,0.4
2018-12-13,319.0,-2.7
2018-12-14,357.0,-2.8
2018-12-15,266.0,-2.3
2018-12-16,219.0,-2.6
2018-12-17,330.0,0.6
2018-12-18,326.0,1.2
2018-12-19,356.0,-0.9
2018-12-20,406.0,0.6
2018-12-21,339.0,5.4
2018-12-22,236.0,8.3
2018-12-23,236.0,5.8
2018-12-24,130.0,2.0
2018-12-25,132.0,1.8
2018-12-26,145.0,2.2
2018-12-27,174.0,3.8
2018-12-28,185.0,3.6
2018-12-29,150.0,2.6
2018-12-30,125.0,3.9
2018-12-31,136.0,3.5
2019-01-01,451.0,5.1
2019-01-02,340.0,0.3
2019-01-03,372.0,-2.7
2019-01-04,303.0,-2.8
2019-01-05,171.0,3.3
2019-01-06,146.0,0.1
2019-01-07,259.0,0.9
2019-01-08,332.0,2.6
2019-01-09,342.0,0.5
2019-01-10,303.0,-0.9
2019-01-11,391.0,-3.6
2019-01-12,189.0,1.6
2019-01-13,188.0,3.3
2019-01-14,391.0,1.3
2019-01-15,283.0,1.4
2019-01-16,236.0,3.1
2019-01-17,273.0,4.7
2019-01-18,374.0,-0.9
2019-01-19,192.0,-5.4
2019-01-20,176.0,-4.2
2019-01-21,252.0,-5.1
2019-01-22,226.0,-5.3
2019-01-23,273.0,-6.9
2019-01-24,272.0,-5.4
2019-01-25,280.0,-4.3
2019-01-26,352.0,-0.2
2019-01-27,168.0,3.1
2019-01-28,338.0,2.2
2019-01-29,237.0,0.3
2019-01-30,281.0,-2.6
2019-01-31,254.0,-0.8
2019-02-01,276.0,-0.2
2019-02-02,194.0,1.8
2019-02-03,280.0,-0.5
2019-02-04,336.0,-1.9
2019-02-05,280.0,-4.8
2019-02-06,267.0,-2.4
2019-02-07,294.0,-3.2
2019-02-08,315.0,2.1
2019-02-09,222.0,4.0
2019-02-10,154.0,5.2
2019-02-11,251.0,3.4
2019-02-12,247.0,1.2
2019-02-13,259.0,3.3
2019-02-14,291.0,4.4
2019-02-15,343.0,5.4
2019-02-16,227.0,3.7
2019-02-17,199.0,3.8
2019-02-18,325.0,3.6
2019-02-19,301.0,4.2
2019-02-20,252.0,4.2
2019-02-21,231.0,5.4
2019-02-22,271.0,4.3
2019-02-23,196.0,-3.1
2019-02-24,158.0,-0.2
2019-02-25,266.0,6.2
2019-02-26,252.0,7.0
2019-02-27,285.0,7.1
2019-02-28,286.0,9.7
2019-03-01,286.0,7.5
2019-03-02,177.0,3.3
2019-03-03,137.0,8.6
2019-03-04,274.0,9.8
2019-03-05,257.0,4.9
2019-03-06,306.0,5.9
2019-03-07,259.0,8.3
2019-03-08,318.0,6.9
2019-03-09,190.0,6.8
2019-03-10,247.0,6.9
2019-03-11,320.0,2.4
2019-03-12,248.0,2.9
2019-03-13,258.0,5.7
2019-03-14,282.0,4.6
2019-03-15,319.0,6.7
2019-03-16,241.0,6.6
2019-03-17,242.0,9.9
2019-03-18,269.0,4.2
2019-03-19,264.0,3.1
2019-03-20,275.0,5.0
2019-03-21,354.0,7.3
2019-03-22,332.0,9.6
2019-03-23,251.0,11.9
2019-03-24,146.0,7.7
2019-03-25,284.0,5.3
2019-03-26,248.0,4.6
2019-03-27,302.0,5.0
2019-03-28,275.0,7.1
2019-03-29,293.0,7.9
2019-03-30,227.0,9.3
2019-03-31,197.0,9.6
2019-04-01,357.0,6.5
2019-04-02,316.0,7.9
2019-04-03,291.0,11.4
2019-04-04,334.0,12.8
2019-04-05,322.0,11.7
2019-04-06,224.0,11.1
2019-04-07,196.0,10.0
2019-04-08,303.0,11.4
2019-04-09,358.0,10.1
2019-04-10,312.0,5.2
2019-04-11,282.0,3.4
2019-04-12,318.0,2.0
2019-04-13,207.0,3.4
2019-04-14,208.0,3.2
2019-04-15,395.0,7.6
2019-04-16,360.0,7.9
2019-04-17,372.0,9.1
2019-04-18,403.0,11.6
2019-04-19,265.0,13.4
2019-04-20,269.0,14.1
2019-04-21,241.0,13.6
2019-04-22,247.0,12.0
2019-04-23,362.0,11.4
2019-04-24,336.0,14.6
2019-04-25,368.0,17.4
2019-04-26,395.0,16.6
2019-04-27,232.0,9.6
2019-04-28,216.0,8.4
2019-04-29,388.0,7.4
2019-04-30,393.0,10.2
2019-05-01,209.0,10.2
2019-05-02,342.0,12.9
2019-05-03,316.0,7.9
2019-05-04,260.0,5.3
2019-05-05,176.0,4.6
2019-05-06,311.0,5.3
2019-05-07,316.0,6.1
2019-05-08,181.0,11.1
2019-05-09,316.0,12.6
2019-05-10,339.0,9.3
2019-05-11,262.0,10.8
2019-05-12,205.0,8.8
2019-05-13,370.0,9.2
2019-05-14,345.0,6.6
2019-05-15,336.0,5.2
2019-05-16,335.0,6.9
2019-05-17,356.0,10.8
2019-05-18,315.0,13.1
2019-05-19,227.0,16.5
2019-05-20,412.0,13.5
2019-05-21,330.0,14.1
2019-05-22,332.0,12.5
2019-05-23,332.0,12.4
2019-05-24,370.0,13.9
2019-05-25,241.0,15.6
2019-05-26,228.0,15.5
2019-05-27,294.0,17.2
2019-05-28,298.0,13.3
2019-05-29,273.0,11.1
2019-05-30,348.0,12.9
2019-05-31,351.0,16.3
2019-06-01,297.0,19.5
2019-06-02,251.0,21.1
2019-06-03,314.0,21.9
2019-06-04,339.0,21.3
2019-06-05,342.0,22.3
2019-06-06,322.0,18.9
2019-06-07,382.0,17.7
2019-06-08,241.0,17.2
2019-06-09,266.0,17.9
2019-06-10,374.0,22.3
2019-06-11,341.0,23.2
2019-06-12,359.0,24.6
2019-06-13,324.0,19.8
2019-06-14,441.0,22.6
2019-06-15,303.0,25.1
2019-06-16,271.0,18.3
2019-06-17,326.0,19.7
2019-06-18,335.0,20.9
2019-06-19,352.0,21.9
2019-06-20,358.0,21.3
2019-06-21,346.0,20.6
2019-06-22,263.0,19.7
2019-06-23,215.0,20.1
2019-06-24,345.0,21.2
2019-06-25,312.0,24.7
2019-06-26,361.0,28.0
2019-06-27,362.0,24.3
2019-06-28,351.0,18.8
2019-06-29,259.0,20.8
2019-06-30,278.0,26.2
2019-07-01,350.0,28.1
2019-07-02,315.0,20.6
2019-07-03,282.0,16.9
2019-07-04,344.0,17.4
2019-07-05,221.0,19.3
2019-07-06,220.0,22.9
2019-07-07,206.0,16.8
2019-07-08,294.0,14.3
2019-07-09,257.0,13.7
2019-07-10,278.0,16.4
2019-07-11,291.0,17.1
2019-07-12,370.0,17.1
2019-07-13,292.0,16.3
2019-07-14,198.0,16.3
2019-07-15,310.0,16.6
2019-07-16,307.0,15.6
2019-07-17,306.0,17.0
2019-07-18,293.0,19.1
2019-07-19,316.0,19.8
2019-07-20,261.0,23.7
2019-07-21,246.0,19.6
2019-07-22,301.0,21.9
2019-07-23,320.0,25.0
2019-07-24,325.0,24.9
2019-07-25,333.0,26.2
2019-07-26,336.0,25.7
2019-07-27,250.0,22.9
2019-07-28,216.0,21.8
2019-07-29,295.0,23.3
2019-07-30,298.0,23.1
2019-07-31,363.0,20.6
2019-08-01,369.0,19.8
2019-08-02,282.0,19.2
2019-08-03,249.0,17.5
2019-08-04,256.0,18.4
2019-08-05,314.0,19.8
2019-08-06,293.0,21.3
2019-08-07,304.0,19.4
2019-08-08,330.0,19.2
2019-08-09,324.0,22.2
2019-08-10,329.0,19.6
2019-08-11,254.0,21.7
2019-08-12,328.0,16.8
2019-08-13,315.0,17.7
2019-08-14,286.0,15.8
2019-08-15,290.0,16.2
2019-08-16,313.0,16.9
2019-08-17,225.0,17.7
2019-08-18,244.0,23.2
2019-08-19,322.0,19.0
2019-08-20,297.0,17.6
2019-08-21,285.0,16.5
2019-08-22,283.0,16.7
2019-08-23,322.0,18.3
2019-08-24,237.0,20.7
2019-08-25,206.0,22.1
2019-08-26,310.0,22.7
2019-08-27,293.0,22.5
2019-08-28,287.0,23.3
2019-08-29,323.0,22.3
2019-08-30,306.0,22.6
2019-08-31,255.0,23.4
2019-09-01,233.0,22.1
2019-09-02,364.0,15.8
2019-09-03,311.0,15.0
2019-09-04,345.0,17.3
2019-09-05,321.0,16.8
2019-09-06,361.0,14.0
2019-09-07,259.0,12.9
2019-09-08,232.0,12.8
2019-09-09,423.0,12.4
2019-09-10,328.0,13.1
2019-09-11,331.0,14.7
2019-09-12,317.0,15.3
2019-09-13,373.0,17.7
2019-09-14,229.0,15.0
2019-09-15,258.0,15.8
2019-09-16,329.0,15.7
2019-09-17,354.0,13.2
2019-09-18,330.0,10.1
2019-09-19,303.0,8.6
2019-09-20,347.0,9.1
2019-09-21,273.0,11.6
2019-09-22,273.0,12.7
2019-09-23,340.0,12.1
2019-09-24,306.0,14.8
2019-09-25,380.0,14.1
2019-09-26,310.0,14.0
2019-09-27,386.0,15.6
2019-09-28,257.0,14.1
2019-09-29,255.0,14.9
2019-09-30,366.0,14.8
2019-10-01,355.0,13.8
2019-10-02,361.0,11.2
2019-10-03,314.0,7.4
2019-10-04,311.0,8.4
2019-10-05,297.0,8.3
2019-10-06,210.0,6.8
2019-10-07,362.0,5.3
2019-10-08,350.0,8.8
2019-10-09,362.0,11.6
2019-10-10,389.0,9.5
2019-10-11,374.0,10.4
2019-10-12,341.0,14.3
2019-10-13,264.0,16.4
2019-10-14,368.0,13.6
2019-10-15,326.0,12.3
2019-10-16,374.0,11.6
2019-10-17,350.0,11.1
2019-10-18,369.0,13.2
2019-10-19,247.0,12.3
2019-10-20,266.0,9.2
2019-10-21,354.0,10.1
2019-10-22,287.0,10.3
2019-10-23,330.0,12.5
2019-10-24,333.0,9.9
2019-10-25,374.0,10.6
2019-10-26,292.0,11.9
2019-10-27,256.0,11.8
2019-10-28,194.0,6.3
2019-10-29,297.0,3.7
2019-10-30,283.0,1.9
2019-10-31,360.0,-0.7
2019-11-01,326.0,2.7
2019-11-02,329.0,8.2
2019-11-03,211.0,8.1
2019-11-04,341.0,9.6
2019-11-05,307.0,7.2
2019-11-06,313.0,6.8
2019-11-07,348.0,7.3
2019-11-08,323.0,5.6
2019-11-09,259.0,5.5
2019-11-10,214.0,0.9
2019-11-11,319.0,0.3
2019-11-12,372.0,2.7
2019-11-13,393.0,1.9
2019-11-14,411.0,1.6
2019-11-15,376.0,6.0
2019-11-16,289.0,7.0
2019-11-17,234.0,8.6
2019-11-18,346.0,7.2
2019-11-19,326.0,3.9
2019-11-20,301.0,4.7
2019-11-21,359.0,7.3
2019-11-22,363.0,7.4
2019-11-23,253.0,7.2
2019-11-24,215.0,5.8
2019-11-25,334.0,4.4
2019-11-26,296.0,4.1
2019-11-27,320.0,3.8
2019-11-28,326.0,7.2
2019-11-29,369.0,5.9
2019-11-30,244.0,1.0
2019-12-01,194.0,-0.1
2019-12-02,329.0,1.1
2019-12-03,324.0,1.3
2019-12-04,319.0,0.5
2019-12-05,319.0,-2.2
2019-12-06,337.0,-0.1
2019-12-07,343.0,5.6
2019-12-08,223.0,7.3
2019-12-09,321.0,6.7
2019-12-10,323.0,2.1
2019-12-11,410.0,-1.5
2019-12-12,318.0,0.0
2019-12-13,333.0,-0.4
2019-12-14,311.0,4.2
2019-12-15,231.0,6.8
2019-12-16,359.0,5.4
2019-12-17,300.0,0.2
2019-12-18,363.0,2.5
2019-12-19,324.0,0.8
2019-12-20,394.0,2.6
2019-12-21,277.0,4.4
2019-12-22,231.0,2.0
2019-12-23,277.0,5.4
2019-12-24,134.0,3.8
2019-12-25,140.0,4.9
2019-12-26,163.0,2.9
2019-12-27,215.0,1.8
2019-12-28,188.0,-0.4
2019-12-29,145.0,-1.6
2019-12-30,193.0,0.5
2019-12-31,141.0,3.1
2020-01-01,512.0,-0.2
2020-01-02,206.0,-5.0
2020-01-03,226.0,1.4
2020-01-04,160.0,3.2
2020-01-05,150.0,0.3
2020-01-06,252.0,0.0
2020-01-07,256.0,0.2
2020-01-08,282.0,2.7
2020-01-09,256.0,5.6
2020-01-10,318.0,7.2
2020-01-11,217.0,2.4
2020-01-12,193.0,0.9
2020-01-13,324.0,2.3
2020-01-14,307.0,1.6
2020-01-15,278.0,0.1
2020-01-16,281.0,-0.8
2020-01-17,331.0,-0.9
2020-01-18,257.0,0.7
2020-01-19,180.0,0.9
2020-01-20,283.0,0.9
2020-01-21,281.0,-2.5
2020-01-22,287.0,-1.7
2020-01-23,280.0,0.5
2020-01-24,281.0,-2.1
2020-01-25,183.0,-1.6
2020-01-26,176.0,-0.6
2020-01-27,304.0,1.6
2020-01-28,260.0,4.3
2020-01-29,264.0,1.7
2020-01-30,256.0,3.2
2020-01-31,280.0,9.7
2020-02-01,224.0,10.9
2020-02-02,171.0,7.9
2020-02-03,316.0,8.5
2020-02-04,280.0,3.0
2020-02-05,277.0,0.9
2020-02-06,230.0,0.4
2020-02-07,264.0,2.9
2020-02-08,202.0,1.4
2020-02-09,193.0,3.8
2020-02-10,331.0,7.6
2020-02-11,306.0,2.9
2020-02-12,309.0,1.3
2020-02-13,292.0,2.4
2020-02-14,311.0,4.6
2020-02-15,215.0,3.9
2020-02-16,142.0,7.4
2020-02-17,256.0,8.7
2020-02-18,245.0,5.7
2020-02-19,275.0,3.7
2020-02-20,266.0,3.6
2020-02-21,283.0,4.2
2020-02-22,191.0,6.8
2020-02-23,185.0,9.4
2020-02-24,286.0,4.3
2020-02-25,263.0,7.7
2020-02-26,243.0,3.4
2020-02-27,253.0,2.2
2020-02-28,357.0,1.1
2020-02-29,241.0,3.3
2020-03-01,197.0,6.6
2020-03-02,285.0,6.2
2020-03-03,281.0,4.1
2020-03-04,284.0,2.8
2020-03-05,282.0,4.3
2020-03-06,301.0,5.7
2020-03-07,226.0,3.6
2020-03-08,160.0,4.6
2020-03-09,287.0,5.3
2020-03-10,249.0,4.7
2020-03-11,300.0,8.7
2020-03-12,274.0,11.1
2020-03-13,241.0,6.5
2020-03-14,174.0,3.2
2020-03-15,145.0,3.1
2020-03-16,175.0,5.1
2020-03-17,156.0,8.3
2020-03-18,172.0,8.2
2020-03-19,181.0,10.2
2020-03-20,195.0,8.8
2020-03-21,104.0,2.1
2020-03-22,76.0,-1.4
2020-03-23,167.0,-1.8
2020-03-24,158.0,-0.6
2020-03-25,165.0,0.3
2020-03-26,149.0,2.4
2020-03-27,214.0,8.2
2020-03-28,161.0,8.3
2020-03-29,98.0,3.6
2020-03-30,216.0,-0.2
2020-03-31,196.0,-0.3
2020-04-01,179.0,0.8
2020-04-02,198.0,4.3
2020-04-03,174.0,4.7
2020-04-04,127.0,7.4
2020-04-05,147.0,7.9
2020-04-06,234.0,11.2
2020-04-07,268.0,12.3
2020-04-08,271.0,12.8
2020-04-09,274.0,12.9
2020-04-10,174.0,11.2
2020-04-11,227.0,10.5
2020-04-12,165.0,13.1
2020-04-13,116.0,9.8
2020-04-14,218.0,3.4
2020-04-15,221.0,7.0
2020-04-16,252.0,12.6
2020-04-17,242.0,13.3
2020-04-18,182.0,13.2
2020-04-19,133.0,10.4
2020-04-20,279.0,8.3
2020-04-21,269.0,9.6
2020-04-22,282.0,9.9
2020-04-23,270.0,11.6
2020-04-24,318.0,13.9
2020-04-25,195.0,9.3
2020-04-26,184.0,9.1
2020-04-27,313.0,13.2
2020-04-28,305.0,15.6
2020-04-29,259.0,13.6
2020-04-30,280.0,13.4
2020-05-01,189.0,11.7
2020-05-02,187.0,9.4
2020-05-03,171.0,9.4
2020-05-04,285.0,11.0
2020-05-05,271.0,7.3
2020-05-06,299.0,7.7
2020-05-07,347.0,11.1
2020-05-08,197.0,14.5
2020-05-09,219.0,16.5
2020-05-10,217.0,16.3
2020-05-11,304.0,9.7
2020-05-12,244.0,5.3
2020-05-13,254.0,7.8
2020-05-14,280.0,9.7
2020-05-15,281.0,9.1
2020-05-16,208.0,10.5
2020-05-17,205.0,12.8
2020-05-18,309.0,14.6
2020-05-19,307.0,16.6
2020-05-20,290.0,13.6
2020-05-21,303.0,13.8
2020-05-22,327.0,14.1
2020-05-23,214.0,13.3
2020-05-24,185.0,11.3
2020-05-25,305.0,10.2
2020-05-26,291.0,12.1
2020-05-27,310.0,13.2
2020-05-28,262.0,11.3
2020-05-29,357.0,12.8
2020-05-30,212.0,12.2
2020-05-31,191.0,11.3
2020-06-01,356.0,15.9
2020-06-02,287.0,15.0
2020-06-03,293.0,16.9
2020-06-04,311.0,15.1
2020-06-05,332.0,13.6
2020-06-06,230.0,12.7
2020-06-07,205.0,13.4
2020-06-08,269.0,13.6
2020-06-09,267.0,15.4
2020-06-10,309.0,13.8
2020-06-11,319.0,15.6
2020-06-12,334.0,19.2
2020-06-13,264.0,20.6
2020-06-14,235.0,18.2
2020-06-15,283.0,18.2
2020-06-16,285.0,18.9
2020-06-17,327.0,19.0
2020-06-18,338.0,16.9
2020-06-19,359.0,15.7
2020-06-20,266.0,14.5
2020-06-21,212.0,16.5
2020-06-22,306.0,18.7
2020-06-23,334.0,18.1
2020-06-24,315.0,15.0
2020-06-25,316.0,17.1
2020-06-26,330.0,18.7
2020-06-27,251.0,20.9
2020-06-28,233.0,22.4
2020-06-29,363.0,17.3
2020-06-30,300.0,17.7
2020-07-01,332.0,21.0
2020-07-02,298.0,19.7
2020-07-03,302.0,18.3
2020-07-04,251.0,18.2
2020-07-05,232.0,21.4
2020-07-06,207.0,19.1
2020-07-07,281.0,14.2
2020-07-08,330.0,13.8
2020-07-09,277.0,17.3
2020-07-10,319.0,23.9
2020-07-11,244.0,14.5
2020-07-12,197.0,14.4
2020-07-13,328.0,16.1
2020-07-14,290.0,18.0
2020-07-15,276.0,17.5
2020-07-16,297.0,15.4
2020-07-17,340.0,15.1
2020-07-18,229.0,16.9
2020-07-19,224.0,20.3
2020-07-20,291.0,21.8
2020-07-21,280.0,19.3
2020-07-22,317.0,18.3
2020-07-23,303.0,18.7
2020-07-24,323.0,20.2
2020-07-25,256.0,21.4
2020-07-26,224.0,19.2
2020-07-27,289.0,21.3
2020-07-28,286.0,25.3
2020-07-29,360.0,21.4
2020-07-30,336.0,20.4
2020-07-31,338.0,22.1
2020-08-01,266.0,22.9
2020-08-02,263.0,19.4
2020-08-03,411.0,16.4
2020-08-04,317.0,14.3
2020-08-05,323.0,17.2
2020-08-06,331.0,19.9
2020-08-07,345.0,22.8
2020-08-08,246.0,24.6
2020-08-09,226.0,24.9
2020-08-10,349.0,22.7
2020-08-11,283.0,22.6
2020-08-12,313.0,22.8
2020-08-13,326.0,24.0
2020-08-14,356.0,21.1
2020-08-15,241.0,19.9
2020-08-16,244.0,21.3
2020-08-17,306.0,20.3
2020-08-18,299.0,19.6
2020-08-19,275.0,19.3
2020-08-20,310.0,21.3
2020-08-21,337.0,24.7
2020-08-22,238.0,21.7
2020-08-23,236.0,19.2
2020-08-24,292.0,17.6
2020-08-25,296.0,17.7
2020-08-26,310.0,20.9
2020-08-27,280.0,17.6
2020-08-28,338.0,17.5
2020-08-29,235.0,16.8
2020-08-30,234.0,16.1
2020-08-31,313.0,14.8
2020-09-01,305.0,12.8
2020-09-02,335.0,12.9
2020-09-03,306.0,15.7
2020-09-04,319.0,19.7
2020-09-05,248.0,19.3
2020-09-06,186.0,15.0
2020-09-07,308.0,14.8
2020-09-08,346.0,15.8
2020-09-09,332.0,18.6
2020-09-10,318.0,16.4
2020-09-11,322.0,16.2
2020-09-12,234.0,18.3
2020-09-13,226.0,19.9
2020-09-14,347.0,20.4
2020-09-15,328.0,21.6
2020-09-16,309.0,21.2
2020-09-17,304.0,16.3
2020-09-18,370.0,12.1
2020-09-19,257.0,12.3
2020-09-20,195.0,15.0
2020-09-21,326.0,15.6
2020-09-22,328.0,17.3
2020-09-23,288.0,17.2
2020-09-24,283.0,17.2
2020-09-25,463.0,12.6
2020-09-26,305.0,6.9
2020-09-27,196.0,8.6
2020-09-28,260.0,6.5
2020-09-29,349.0,10.4
2020-09-30,298.0,11.4
2020-10-01,316.0,12.2
2020-10-02,353.0,12.9
2020-10-03,239.0,15.9
2020-10-04,218.0,12.7
2020-10-05,331.0,10.6
2020-10-06,314.0,11.4
2020-10-07,313.0,11.1
2020-10-08,288.0,11.4
2020-10-09,310.0,14.1
2020-10-10,246.0,11.1
2020-10-11,170.0,5.6
2020-10-12,321.0,6.8
2020-10-13,257.0,6.1
2020-10-14,333.0,6.4
2020-10-15,279.0,8.7
2020-10-16,305.0,7.7
2020-10-17,196.0,6.7
2020-10-18,154.0,7.2
2020-10-19,270.0,7.6
2020-10-20,234.0,6.7
2020-10-21,273.0,7.9
2020-10-22,251.0,10.3
2020-10-23,267.0,12.6
2020-10-24,191.0,12.5
2020-10-25,175.0,9.5
2020-10-26,261.0,10.1
2020-10-27,221.0,7.2
2020-10-28,142.0,7.2
2020-10-29,264.0,8.3
2020-10-30,269.0,10.3
2020-10-31,189.0,11.4
2020-11-01,160.0,9.1
2020-11-02,278.0,14.9
2020-11-03,250.0,13.2
2020-11-04,228.0,8.6
2020-11-05,263.0,4.5
2020-11-06,294.0,3.3
2020-11-07,203.0,0.9
2020-11-08,151.0,1.8
2020-11-09,260.0,2.3
2020-11-10,248.0,3.4
2020-11-11,215.0,4.1
2020-11-12,235.0,4.7
2020-11-13,281.0,6.8
2020-11-14,213.0,8.6
2020-11-15,136.0,4.9
2020-11-16,268.0,6.8
2020-11-17,155.0,8.7
2020-11-18,295.0,7.7
2020-11-19,281.0,6.3
2020-11-20,312.0,2.8
2020-11-21,232.0,-0.3
2020-11-22,159.0,2.7
2020-11-23,272.0,4.3
2020-11-24,324.0,-0.7
2020-11-25,277.0,-0.6
2020-11-26,271.0,-1.4
2020-11-27,286.0,-0.7
2020-11-28,200.0,-0.4
2020-11-29,147.0,0.7
2020-11-30,273.0,-0.8
2020-12-01,278.0,-1.8
2020-12-02,233.0,-2.6
2020-12-03,437.0,-2.2
2020-12-04,327.0,-0.2
2020-12-05,227.0,3.8
2020-12-06,193.0,8.2
2020-12-07,293.0,5.7
2020-12-08,302.0,2.8
2020-12-09,278.0,3.8
2020-12-10,316.0,3.1
2020-12-11,300.0,2.2
2020-12-12,196.0,2.2
2020-12-13,167.0,3.2
2020-12-14,319.0,3.3
2020-12-15,281.0,2.5
2020-12-16,280.0,2.7
2020-12-17,300.0,1.8
2020-12-18,285.0,1.6
2020-12-19,161.0,0.8
2020-12-20,141.0,0.6
2020-12-21,291.0,1.7
2020-12-22,244.0,7.4
2020-12-23,263.0,10.1
2020-12-24,113.0,6.9
2020-12-25,118.0,1.5
2020-12-26,121.0,-0.7
2020-12-27,142.0,-2.0
2020-12-28,167.0,0.1
2020-12-29,182.0,1.7
2020-12-30,186.0,0.3
2020-12-31,146.0,0.3
2021-01-01,390.0,-1.7
2021-01-02,125.0,-2.2
2021-01-03,118.0,1.4
2021-01-04,183.0,1.7
2021-01-05,159.0,0.6
2021-01-06,263.0,-0.4
2021-01-07,232.0,-1.1
2021-01-08,249.0,-1.2
2021-01-09,162.0,-1.3
2021-01-10,124.0,-1.9
2021-01-11,235.0,-5.2
2021-01-12,399.0,-1.1
2021-01-13,284.0,-0.4
2021-01-14,377.0,-1.5
2021-01-15,295.0,-2.0
2021-01-16,185.0,-5.4
2021-01-17,156.0,-4.9
2021-01-18,235.0,-1.7
2021-01-19,254.0,1.2
2021-01-20,274.0,3.6
2021-01-21,270.0,1.8
2021-01-22,258.0,6.1
2021-01-23,142.0,1.6
2021-01-24,175.0,0.1
2021-01-25,237.0,-0.7
2021-01-26,317.0,-1.4
2021-01-27,276.0,-1.2
2021-01-28,262.0,0.6
2021-01-29,383.0,0.6
2021-01-30,157.0,0.5
2021-01-31,159.0,-4.2
2021-02-01,289.0,-3.4
2021-02-02,270.0,3.0
2021-02-03,238.0,7.6
2021-02-04,206.0,6.4
2021-02-05,265.0,1.9
2021-02-06,196.0,-0.2
2021-02-07,240.0,-4.9
2021-02-08,332.0,-7.8
2021-02-09,261.0,-8.8
2021-02-10,261.0,-10.5
2021-02-11,241.0,-7.9
2021-02-12,266.0,-10.4
2021-02-13,191.0,-8.7
2021-02-14,185.0,-9.8
2021-02-15,307.0,-9.7
2021-02-16,266.0,-2.2
2021-02-17,318.0,2.6
2021-02-18,255.0,5.2
2021-02-19,243.0,5.2
2021-02-20,202.0,2.4
2021-02-21,126.0,1.9
2021-02-22,253.0,2.7
2021-02-23,235.0,1.7
2021-02-24,246.0,1.9
2021-02-25,259.0,3.2
2021-02-26,272.0,5.2
2021-02-27,137.0,2.7
2021-02-28,188.0,3.8
2021-03-01,201.0,1.2
2021-03-02,207.0,0.3
2021-03-03,193.0,0.9
2021-03-04,178.0,4.8
2021-03-05,218.0,0.3
2021-03-06,123.0,0.0
2021-03-07,107.0,0.3
2021-03-08,230.0,-0.2
2021-03-09,166.0,-1.1
2021-03-10,207.0,0.3
2021-03-11,203.0,5.5
2021-03-12,233.0,5.6
2021-03-13,123.0,6.4
2021-03-14,128.0,4.0
2021-03-15,195.0,2.9
2021-03-16,194.0,2.4
2021-03-17,216.0,0.8
2021-03-18,238.0,1.1
2021-03-19,245.0,-0.3
2021-03-20,164.0,-3.2
2021-03-21,126.0,1.3
2021-03-22,279.0,2.8
2021-03-23,178.0,3.0
2021-03-24,191.0,5.8
2021-03-25,248.0,7.9
2021-03-26,252.0,10.8
2021-03-27,146.0,7.1
2021-03-28,125.0,5.2
2021-03-29,227.0,11.1
2021-03-30,278.0,13.6
2021-03-31,284.0,14.1
2021-04-01,288.0,14.3
2021-04-02,124.0,6.2
2021-04-03,112.0,3.7
2021-04-04,142.0,3.9
2021-04-05,121.0,3.4
2021-04-06,226.0,-0.6
2021-04-07,224.0,1.1
2021-04-08,236.0,2.3
2021-04-09,240.0,5.5
2021-04-10,162.0,8.8
2021-04-11,153.0,10.9
2021-04-12,316.0,3.5
2021-04-13,248.0,3.1
2021-04-14,289.0,2.9
2021-04-15,260.0,1.6
2021-04-16,226.0,1.9
2021-04-17,149.0,3.0
2021-04-18,140.0,6.5
2021-04-19,304.0,7.5
2021-04-20,286.0,9.5
2021-04-21,292.0,9.9
2021-04-22,274.0,6.2
2021-04-23,302.0,5.8
2021-04-24,209.0,6.8
2021-04-25,183.0,5.9
2021-04-26,286.0,4.2
2021-04-27,305.0,6.2
2021-04-28,331.0,10.1
2021-04-29,309.0,12.3
2021-04-30,312.0,10.4
2021-05-01,193.0,8.9
2021-05-02,172.0,7.0
2021-05-03,251.0,6.5
2021-05-04,299.0,10.1
2021-05-05,278.0,8.7
2021-05-06,271.0,6.6
2021-05-07,312.0,6.7
2021-05-08,175.0,7.8
2021-05-09,263.0,15.2
2021-05-10,378.0,18.6
2021-05-11,343.0,20.1
2021-05-12,311.0,13.8
2021-05-13,353.0,9.7
2021-05-14,378.0,10.4
2021-05-15,241.0,11.1
2021-05-16,201.0,11.2
2021-05-17,322.0,11.0
2021-05-18,305.0,11.4
2021-05-19,324.0,9.8
2021-05-20,345.0,10.1
2021-05-21,338.0,11.7
2021-05-22,253.0,12.1
2021-05-23,197.0,10.6
2021-05-24,301.0,12.0
2021-05-25,323.0,10.3
2021-05-26,313.0,9.6
2021-05-27,298.0,10.9
2021-05-28,334.0,10.8
2021-05-29,223.0,10.1
2021-05-30,204.0,9.7
2021-05-31,312.0,11.6
2021-06-01,333.0,13.8
2021-06-02,325.0,16.5
2021-06-03,341.0,17.4
2021-06-04,373.0,19.9
2021-06-05,240.0,20.4
2021-06-06,235.0,18.6
2021-06-07,357.0,19.3
2021-06-08,329.0,20.1
2021-06-09,348.0,17.1
2021-06-10,369.0,18.1
2021-06-11,354.0,19.3
2021-06-12,219.0,18.6
2021-06-13,220.0,13.2
2021-06-14,351.0,15.6
2021-06-15,329.0,19.4
2021-06-16,324.0,22.1
2021-06-17,368.0,23.3
2021-06-18,393.0,24.2
2021-06-19,275.0,25.1
2021-06-20,244.0,25.7
2021-06-21,346.0,25.3
2021-06-22,347.0,18.8
2021-06-23,321.0,17.4
2021-06-24,366.0,18.4
2021-06-25,362.0,17.0
2021-06-26,268.0,17.9
2021-06-27,219.0,19.1
2021-06-28,347.0,21.0
2021-06-29,354.0,20.8
2021-06-30,341.0,17.6
2021-07-01,300.0,16.1
2021-07-02,325.0,14.2
2021-07-03,264.0,16.9
2021-07-04,211.0,18.6
2021-07-05,207.0,19.0
2021-07-06,214.0,21.7
2021-07-07,308.0,18.6
2021-07-08,321.0,18.6
2021-07-09,276.0,18.2
2021-07-10,261.0,17.7
2021-07-11,233.0,18.2
2021-07-12,308.0,18.1
2021-07-13,319.0,21.2
2021-07-14,322.0,17.7
2021-07-15,309.0,18.4
2021-07-16,319.0,20.4
2021-07-17,222.0,20.0
2021-07-18,241.0,20.5
2021-07-19,310.0,18.1
2021-07-20,279.0,15.3
2021-07-21,274.0,16.8
2021-07-22,260.0,18.3
2021-07-23,337.0,20.4
2021-07-24,300.0,21.3
2021-07-25,227.0,22.2
2021-07-26,321.0,21.8
2021-07-27,277.0,21.6
2021-07-28,317.0,19.9
2021-07-29,298.0,20.3
2021-07-30,335.0,20.7
2021-07-31,258.0,21.2
2021-08-01,244.0,14.8
2021-08-02,308.0,15.9
2021-08-03,311.0,16.8
2021-08-04,298.0,16.8
2021-08-05,337.0,15.8
2021-08-06,298.0,16.1
2021-08-07,280.0,18.5
2021-08-08,254.0,17.2
2021-08-09,301.0,17.5
2021-08-10,305.0,19.5
2021-08-11,319.0,19.3
2021-08-12,331.0,18.9
2021-08-13,361.0,22.5
2021-08-14,281.0,23.1
2021-08-15,226.0,23.3
2021-08-16,288.0,21.3
2021-08-17,286.0,14.1
2021-08-18,284.0,15.2
2021-08-19,254.0,17.3
2021-08-20,293.0,17.7
2021-08-21,263.0,18.3
2021-08-22,215.0,17.8
2021-08-23,302.0,15.4
2021-08-24,283.0,14.0
2021-08-25,338.0,14.6
2021-08-26,327.0,14.4
2021-08-27,344.0,12.9
2021-08-28,251.0,12.8
2021-08-29,167.0,13.5
2021-08-30,314.0,13.5
2021-08-31,286.0,13.8
2021-09-01,373.0,14.7
2021-09-02,345.0,15.8
2021-09-03,349.0,16.6
2021-09-04,265.0,17.1
2021-09-05,245.0,15.3
2021-09-06,372.0,17.0
2021-09-07,283.0,17.1
2021-09-08,357.0,16.8
2021-09-09,347.0,17.8
2021-09-10,346.0,18.7
2021-09-11,283.0,17.6
2021-09-12,221.0,18.5
2021-09-13,359.0,17.1
2021-09-14,314.0,17.3
2021-09-15,339.0,18.4
2021-09-16,348.0,17.7
2021-09-17,329.0,13.4
2021-09-18,250.0,13.3
2021-09-19,195.0,11.0
2021-09-20,264.0,10.6
2021-09-21,303.0,10.8
2021-09-22,317.0,11.9
2021-09-23,319.0,14.7
2021-09-24,316.0,15.3
2021-09-25,271.0,16.6
2021-09-26,261.0,16.2
2021-09-27,331.0,16.8
2021-09-28,190.0,15.6
2021-09-29,328.0,14.2
2021-09-30,294.0,10.7
2021-10-01,371.0,10.9
2021-10-02,275.0,13.2
2021-10-03,242.0,12.4
2021-10-04,305.0,12.8
2021-10-05,338.0,14.1
2021-10-06,344.0,12.2
2021-10-07,326.0,11.0
2021-10-08,376.0,11.4
2021-10-09,277.0,6.5
2021-10-10,200.0,5.2
2021-10-11,332.0,6.9
2021-10-12,305.0,8.0
2021-10-13,323.0,5.2
2021-10-14,329.0,6.9
2021-10-15,376.0,10.4
2021-10-16,253.0,6.9
2021-10-17,236.0,5.6
2021-10-18,361.0,9.4
2021-10-19,325.0,10.8
2021-10-20,365.0,16.1
2021-10-21,416.0,13.0
2021-10-22,377.0,7.8
2021-10-23,238.0,6.3
2021-10-24,199.0,4.3
2021-10-25,397.0,4.1
2021-10-26,352.0,6.6
2021-10-27,360.0,8.2
2021-10-28,227.0,4.9
2021-10-29,365.0,3.4
2021-10-30,259.0,4.7
2021-10-31,244.0,7.3
2021-11-01,350.0,6.3
2021-11-02,307.0,7.3
2021-11-03,339.0,6.1
2021-11-04,359.0,7.2
2021-11-05,349.0,6.1
2021-11-06,241.0,5.5
2021-11-07,191.0,4.2
2021-11-08,307.0,5.9
2021-11-09,279.0,5.3
2021-11-10,326.0,2.5
2021-11-11,305.0,2.5
2021-11-12,323.0,3.3
2021-11-13,224.0,3.5
2021-11-14,205.0,4.7
2021-11-15,307.0,3.8
2021-11-16,295.0,4.1
2021-11-17,199.0,4.3
2021-11-18,289.0,5.7
2021-11-19,328.0,7.2
2021-11-20,227.0,7.8
2021-11-21,181.0,3.7
2021-11-22,339.0,3.8
2021-11-23,293.0,1.6
2021-11-24,287.0,3.4
2021-11-25,294.0,1.4
2021-11-26,407.0,0.6
2021-11-27,215.0,0.7
2021-11-28,251.0,-0.4
2021-11-29,342.0,-0.7
2021-11-30,356.0,1.0
2021-12-01,318.0,5.2
2021-12-02,303.0,3.2
2021-12-03,342.0,-1.3
2021-12-04,330.0,-0.6
2021-12-05,212.0,1.6
2021-12-06,298.0,-0.3
2021-12-07,277.0,-0.2
2021-12-08,314.0,-1.9
2021-12-09,466.0,-0.8
2021-12-10,379.0,-0.9
2021-12-11,215.0,-0.8
2021-12-12,214.0,-0.3
2021-12-13,310.0,3.7
2021-12-14,292.0,5.0
2021-12-15,331.0,5.1
2021-12-16,299.0,5.7
2021-12-17,365.0,2.9
2021-12-18,261.0,2.5
2021-12-19,162.0,3.9
2021-12-20,329.0,0.7
2021-12-21,299.0,-1.6
2021-12-22,347.0,-2.8
2021-12-23,302.0,-3.1
2021-12-24,188.0,5.3
2021-12-25,191.0,-2.2
2021-12-26,187.0,-8.4
2021-12-27,214.0,-2.4
2021-12-28,199.0,-0.4
2021-12-29,181.0,3.6
2021-12-30,198.0,9.1
2021-12-31,141.0,11.2
2022-01-01,543.0,9.7
2022-01-02,123.0,6.7
2022-01-03,234.0,7.8
2022-01-04,246.0,7.7
2022-01-05,219.0,2.8
2022-01-06,267.0,-0.3
2022-01-07,237.0,-1.8
2022-01-08,187.0,-0.1
2022-01-09,208.0,0.0
2022-01-10,274.0,1.5
2022-01-11,261.0,-2.2
2022-01-12,247.0,-2.2
2022-01-13,296.0,0.1
2022-01-14,362.0,2.1
2022-01-15,226.0,1.5
2022-01-16,198.0,-1.3
2022-01-17,296.0,2.2
2022-01-18,275.0,0.2
2022-01-19,260.0,0.8
2022-01-20,336.0,0.5
2022-01-21,323.0,-2.8
2022-01-22,207.0,1.2
2022-01-23,179.0,2.2
2022-01-24,232.0,2.5
2022-01-25,222.0,1.8
2022-01-26,218.0,0.5
2022-01-27,242.0,0.4
2022-01-28,261.0,2.4
2022-01-29,213.0,2.8
2022-01-30,156.0,4.0
2022-01-31,238.0,1.4
2022-02-01,286.0,0.6
2022-02-02,247.0,3.1
2022-02-03,251.0,2.9
2022-02-04,255.0,4.9
2022-02-05,166.0,2.6
2022-02-06,113.0,4.1
2022-02-07,284.0,2.6
2022-02-08,209.0,3.8
2022-02-09,233.0,6.2
2022-02-10,257.0,6.7
2022-02-11,285.0,3.8
2022-02-12,207.0,0.7
2022-02-13,171.0,1.8
2022-02-14,274.0,2.3
2022-02-15,277.0,3.9
2022-02-16,262.0,5.8
2022-02-17,344.0,7.7
2022-02-18,310.0,6.1
2022-02-19,194.0,5.3
2022-02-20,154.0,5.6
2022-02-21,253.0,6.1
2022-02-22,220.0,4.2
2022-02-23,274.0,5.6
2022-02-24,263.0,4.8
2022-02-25,261.0,3.1
2022-02-26,167.0,2.2
2022-02-27,143.0,1.3
2022-02-28,247.0,-1.5
2022-03-01,290.0,-1.1
2022-03-02,260.0,-0.4
2022-03-03,247.0,-0.3
2022-03-04,384.0,-1.5
2022-03-05,183.0,-0.2
2022-03-06,121.0,-1.9
2022-03-07,214.0,-0.6
2022-03-08,226.0,1.4
2022-03-09,253.0,2.8
2022-03-10,294.0,1.8
2022-03-11,243.0,-0.4
2022-03-12,191.0,0.9
2022-03-13,176.0,2.7
2022-03-14,245.0,4.1
2022-03-15,215.0,5.4
2022-03-16,253.0,6.9
2022-03-17,214.0,6.6
2022-03-18,273.0,6.4
2022-03-19,203.0,4.0
2022-03-20,184.0,4.3
2022-03-21,294.0,4.5
2022-03-22,317.0,7.6
2022-03-23,307.0,9.1
2022-03-24,300.0,10.0
2022-03-25,305.0,8.1
2022-03-26,236.0,10.1
2022-03-27,192.0,10.6
2022-03-28,322.0,10.9
2022-03-29,269.0,9.3
2022-03-30,290.0,5.7
2022-03-31,249.0,3.1
2022-04-01,278.0,0.7
2022-04-02,189.0,0.8
2022-04-03,143.0,-0.3
2022-04-04,273.0,2.3
2022-04-05,270.0,5.4
2022-04-06,278.0,10.3
2022-04-07,272.0,11.0
2022-04-08,329.0,6.2
2022-04-09,230.0,3.4
2022-04-10,209.0,2.8
2022-04-11,329.0,5.2
2022-04-12,332.0,8.4
2022-04-13,331.0,11.8
2022-04-14,362.0,13.0
2022-04-15,204.0,10.0
2022-04-16,199.0,5.6
2022-04-17,194.0,6.3
2022-04-18,183.0,8.0
2022-04-19,289.0,6.0
2022-04-20,287.0,3.9
2022-04-21,262.0,6.9
2022-04-22,299.0,7.8
2022-04-23,248.0,9.9
2022-04-24,216.0,8.0
2022-04-25,315.0,7.7
2022-04-26,280.0,8.6
2022-04-27,296.0,10.3
2022-04-28,303.0,11.4
2022-04-29,332.0,11.2
2022-04-30,255.0,11.3
2022-05-01,232.0,12.2
2022-05-02,308.0,13.2
2022-05-03,302.0,14.3
2022-05-04,318.0,14.1
2022-05-05,308.0,13.4
2022-05-06,330.0,13.2
2022-05-07,276.0,14.1
2022-05-08,238.0,13.8
2022-05-09,348.0,15.4
2022-05-10,353.0,16.4
2022-05-11,345.0,20.1
2022-05-12,337.0,19.5
2022-05-13,351.0,16.7
2022-05-14,278.0,14.9
2022-05-15,260.0,15.7
2022-05-16,371.0,17.3
2022-05-17,304.0,16.1
2022-05-18,350.0,16.7
2022-05-19,315.0,18.1
2022-05-20,349.0,21.2
2022-05-21,263.0,16.6
2022-05-22,247.0,14.9
2022-05-23,303.0,16.1
2022-05-24,294.0,16.7
2022-05-25,340.0,14.3
2022-05-26,307.0,15.0
2022-05-27,297.0,13.4
2022-05-28,219.0,10.9
2022-05-29,213.0,9.2
2022-05-30,306.0,10.8
2022-05-31,297.0,13.5
2022-06-01,312.0,15.9
2022-06-02,322.0,15.4
2022-06-03,334.0,18.1
2022-06-04,275.0,18.8
2022-06-05,233.0,19.7
2022-06-06,333.0,19.4
2022-06-07,312.0,16.3
2022-06-08,299.0,18.2
2022-06-09,311.0,16.1
2022-06-10,324.0,18.0
2022-06-11,233.0,19.1
2022-06-12,225.0,21.1
2022-06-13,341.0,16.3
2022-06-14,303.0,14.8
2022-06-15,338.0,18.7
2022-06-16,305.0,19.3
2022-06-17,344.0,18.5
2022-06-18,237.0,23.2
2022-06-19,252.0,26.9
2022-06-20,305.0,19.5
2022-06-21,314.0,15.1
2022-06-22,314.0,19.4
2022-06-23,332.0,22.5
2022-06-24,348.0,19.6
2022-06-25,234.0,18.6
2022-06-26,228.0,22.0
2022-06-27,329.0,24.6
2022-06-28,284.0,20.0
2022-06-29,324.0,18.9
2022-06-30,317.0,21.5
2022-07-01,329.0,19.1
2022-07-02,215.0,17.1
2022-07-03,186.0,20.7
2022-07-04,288.0,20.8
2022-07-05,164.0,20.3
2022-07-06,177.0,18.0
2022-07-07,252.0,14.4
2022-07-08,242.0,15.2
2022-07-09,212.0,15.4
2022-07-10,183.0,14.1
2022-07-11,260.0,15.8
2022-07-12,285.0,16.8
2022-07-13,267.0,21.2
2022-07-14,302.0,21.5
2022-07-15,332.0,15.8
2022-07-16,238.0,16.8
2022-07-17,214.0,17.0
2022-07-18,322.0,19.3
2022-07-19,282.0,23.6
2022-07-20,286.0,25.7
2022-07-21,298.0,23.2
2022-07-22,313.0,24.0
2022-07-23,257.0,20.8
2022-07-24,233.0,20.4
2022-07-25,307.0,24.9
2022-07-26,259.0,22.9
2022-07-27,297.0,17.2
2022-07-28,303.0,17.8
2022-07-29,318.0,19.9
2022-07-30,281.0,17.4
2022-07-31,199.0,19.9
2022-08-01,307.0,21.2
2022-08-02,274.0,21.4
2022-08-03,289.0,24.1
2022-08-04,316.0,25.7
2022-08-05,357.0,26.4
2022-08-06,255.0,17.2
2022-08-07,227.0,17.2
2022-08-08,325.0,18.0
2022-08-09,290.0,19.4
2022-08-10,305.0,19.9
2022-08-11,311.0,19.3
2022-08-12,316.0,19.0
2022-08-13,220.0,19.4
2022-08-14,224.0,21.4
2022-08-15,319.0,21.3
2022-08-16,292.0,22.8
2022-08-17,275.0,24.4
2022-08-18,261.0,24.9
2022-08-19,277.0,21.9
2022-08-20,326.0,17.1
2022-08-21,209.0,18.2
2022-08-22,319.0,15.3
2022-08-23,285.0,16.0
2022-08-24,254.0,19.6
2022-08-25,294.0,20.8
2022-08-26,333.0,21.0
2022-08-27,233.0,19.3
2022-08-28,199.0,18.0
2022-08-29,255.0,17.1
2022-08-30,247.0,17.0
2022-08-31,242.0,16.4
2022-09-01,275.0,15.6
2022-09-02,297.0,15.0
2022-09-03,228.0,14.7
2022-09-04,241.0,18.4
2022-09-05,313.0,17.7
2022-09-06,304.0,18.1
2022-09-07,305.0,18.6
2022-09-08,302.0,16.6
2022-09-09,327.0,16.3
2022-09-10,236.0,14.6
2022-09-11,200.0,14.9
2022-09-12,302.0,14.8
2022-09-13,275.0,15.4
2022-09-14,339.0,16.6
2022-09-15,320.0,14.6
2022-09-16,323.0,12.2
2022-09-17,259.0,9.4
2022-09-18,231.0,9.3
2022-09-19,288.0,8.8
2022-09-20,316.0,9.2
2022-09-21,291.0,9.4
2022-09-22,315.0,10.1
2022-09-23,313.0,9.1
2022-09-24,233.0,11.1
2022-09-25,205.0,12.5
2022-09-26,307.0,11.6
2022-09-27,327.0,10.2
2022-09-28,195.0,8.1
2022-09-29,293.0,7.8
2022-09-30,316.0,10.2
2022-10-01,226.0,9.9
2022-10-02,191.0,11.0
2022-10-03,323.0,10.9
2022-10-04,283.0,12.2
2022-10-05,319.0,11.8
2022-10-06,302.0,13.1
2022-10-07,365.0,10.0
2022-10-08,231.0,12.3
2022-10-09,269.0,8.8
2022-10-10,306.0,10.0
2022-10-11,316.0,10.4
2022-10-12,300.0,9.8
2022-10-13,278.0,10.7
2022-10-14,317.0,12.4
2022-10-15,264.0,13.5
2022-10-16,240.0,16.4
2022-10-17,356.0,14.3
2022-10-18,327.0,11.6
2022-10-19,275.0,9.8
2022-10-20,295.0,6.6
2022-10-21,305.0,7.8
2022-10-22,248.0,10.7
2022-10-23,179.0,11.3
2022-10-24,299.0,13.3
2022-10-25,316.0,12.7
2022-10-26,296.0,10.2
2022-10-27,387.0,13.3
2022-10-28,197.0,11.9
2022-10-29,224.0,12.2
2022-10-30,212.0,11.3
2022-10-31,352.0,9.9
2022-11-01,267.0,9.7
2022-11-02,283.0,9.7
2022-11-03,260.0,6.2
2022-11-04,364.0,7.3
2022-11-05,203.0,7.2
2022-11-06,179.0,5.1
2022-11-07,270.0,8.3
2022-11-08,292.0,9.2
2022-11-09,260.0,6.8
2022-11-10,284.0,9.3
2022-11-11,334.0,7.6
2022-11-12,227.0,4.7
2022-11-13,191.0,3.2
2022-11-14,329.0,5.2
2022-11-15,292.0,2.5
2022-11-16,330.0,4.6
2022-11-17,191.0,4.0
2022-11-18,276.0,1.3
2022-11-19,212.0,-3.6
2022-11-20,161.0,-2.3
2022-11-21,321.0,2.3
2022-11-22,287.0,0.9
2022-11-23,282.0,3.1
2022-11-24,294.0,4.6
2022-11-25,334.0,3.9
2022-11-26,217.0,5.3
2022-11-27,215.0,0.9
2022-11-28,257.0,0.7
2022-11-29,270.0,2.5
2022-11-30,254.0,1.1
2022-12-01,254.0,0.3
2022-12-02,272.0,-0.7
2022-12-03,188.0,-0.3
2022-12-04,154.0,3.4
2022-12-05,255.0,3.9
2022-12-06,272.0,2.6
2022-12-07,248.0,1.9
2022-12-08,299.0,1.4
2022-12-09,305.0,-0.9
2022-12-10,214.0,-0.2
2022-12-11,246.0,-3.2
2022-12-12,468.0,-4.8
2022-12-13,263.0,-9.0
2022-12-14,338.0,-6.8
2022-12-15,339.0,-6.3
2022-12-16,374.0,-4.1
2022-12-17,202.0,-4.2
2022-12-18,160.0,-7.2
2022-12-19,405.0,-4.5
2022-12-20,326.0,-1.8
2022-12-21,314.0,0.1
2022-12-22,243.0,5.2
2022-12-23,230.0,7.3
2022-12-24,119.0,7.9
2022-12-25,125.0,6.4
2022-12-26,121.0,8.1
2022-12-27,169.0,2.7
2022-12-28,157.0,3.6
2022-12-29,151.0,8.1
2022-12-30,157.0,6.7
2022-12-31,111.0,12.6
2023-01-01,,12.6
2023-01-02,,8.1
2023-01-03,,6.1
2023-01-04,,4.8
2023-01-05,,8.6
2023-01-06,,7.7
2023-01-07,,6.4
2023-01-08,,3.3
2023-01-09,,3.9
2023-01-10,,3.3
2023-01-11,,4.4
2023-01-12,,6.3
2023-01-13,,7.2
2023-01-14,,5.6
